iata,city,country,name,lat,lon
AAA,Anaa,PF,Anaa Airport,-17.3526,-145.509995
AAC,El Arish,EG,El Arish International Airport,31.055324,33.827964
AAE,Annaba,DZ,Annaba Rabah Bitat Airport,36.826781,7.81334
AAL,Aalborg,DK,Aalborg Airport,57.094763,9.84993
AAM,Malamala,ZA,Malamala Airport,-24.816866,31.544085
AAN,Al Ain,AE,Al Ain International Airport,24.2617,55.6092
AAO,Anaco,VE,Anaco Airport,9.430225,-64.470726
AAP,Samarinda,ID,Aji Pangeran Tumenggung Pranoto International Airport,-0.374478,117.250128
AAQ,Krasnyi Kurgan,RU,Anapa Vityazevo Airport,45.002102,37.347301
AAR,Aarhus,DK,Aarhus Airport,56.303331,10.618286
AAT,Altay,CN,Altay Xuedu Airport,47.749886,88.085808
AAV,Surallah,PH,Allah Valley Airport,6.367903,124.752431
AAX,Araxá,BR,Romeu Zema Airport,-19.5632,-46.9604
AAY,Al Ghaydah,YE,Al Ghaydah International Airport,16.193341,52.174186
ABA,Abakan,RU,Abakan International Airport,53.740002,91.385002
ABB,Asaba,NG,Asaba International Airport,6.204167,6.665278
ABC,Albacete,ES,Albacete Airport / Los Llanos Air Base,38.948502,-1.86352
ABD,Abadan,IR,Abadan Ayatollah Jami International Airport,30.367887,48.230075
ABE,Allentown/Bethlehem,US,Lehigh Valley International Airport,40.651773,-75.442797
ABI,Abilene,US,Abilene Regional Airport,32.4113006592,-99.68190002440001
ABJ,Abidjan,CI,Félix-Houphouët-Boigny International Airport,5.26139,-3.92629
ABK,Kebri Dahar,ET,Kebri Dahar Airport,6.732577,44.241339
ABL,Ambler,US,Ambler Airport,67.105529,-157.855339
ABQ,Albuquerque,US,Albuquerque International Sunport,35.039976,-106.608925
ABR,Aberdeen,US,Aberdeen Regional Airport,45.449100494384766,-98.42179870605469
ABS,Abu Simbel,EG,Abu Simbel Airport,22.375924,31.611734
ABT,Al-Baha,SA,King Saud Bin Abdulaziz (Al Baha) Airport,20.298506,41.636153
ABV,Abuja,NG,Nnamdi Azikiwe International Airport,9.00679,7.26317
ABX,East Albury,AU,Albury Airport,-36.066758,146.959148
ABY,Albany,US,Southwest Georgia Regional Airport,31.532946,-84.196215
ABZ,Aberdeen,GB,Aberdeen International Airport,57.2019,-2.19778
ACA,Acapulco,MX,General Juan N. Álvarez International Airport,16.757126,-99.753113
ACC,Accra,GH,Kotoka International Airport,5.605189800262451,-0.16678600013256073
ACE,San Bartolomé,ES,César Manrique-Lanzarote Airport,28.945499,-13.6052
ACH,St. Gallen,CH,Sankt Gallen Altenrhein Airport,47.485001,9.56077
ACI,Saint Anne,GG,Alderney Airport,49.706104,-2.21472
ACJ,Anuradhapura,LK,Anuradhapura Airport,8.301542,80.42848
ACK,Nantucket,US,Nantucket Memorial Airport,41.25310135,-70.06020355
ACN,Ciudad Acuña,MX,Ciudad Acuña International Airport,29.333662,-101.100555
ACS,Achinsk,RU,Achinsk Airport,56.269185,90.57511
ACT,Waco,US,Waco Regional Airport,31.611299514770508,-97.23049926757812
ACV,Arcata/Eureka,US,California Redwood Coast-Humboldt County Airport,40.978101,-124.109
ACX,Xingyi,CN,Xingyi Wanfenglin Airport,25.083423,104.960804
ACY,Atlantic City,US,Atlantic City International Airport,39.456201,-74.577511
ACZ,Zabol,IR,Zabol Airport,31.098301,61.5439
ADB,Gaziemir,TR,Adnan Menderes International Airport,38.2924,27.157
ADD,Addis Ababa,ET,Addis Ababa Bole International Airport,8.97789,38.799301
ADE,Aden,YE,Aden International Airport,12.829564,45.029976
ADF,Adıyaman,TR,Adıyaman Airport,37.7314,38.468899
ADI,Arandis,NA,Arandis Airport,-22.461875,14.979322
ADJ,Amman,JO,Marka International (Amman Civil) Airport,31.9727,35.9916
ADK,Adak,US,Adak Airport,51.883564,-176.642783
ADL,Adelaide,AU,Adelaide International Airport,-34.947512,138.533393
ADP,Ampara,LK,Ampara Airport,7.336745,81.623869
ADQ,Kodiak,US,Kodiak Airport,57.75,-152.4940033
ADT,Ada,US,Ada Regional Airport,34.805214,-96.671988
ADU,Ardabil,IR,Ardabil Airport,38.3256988525,48.4244003296
ADW,Camp Springs,US,Joint Base Andrews,38.810799,-76.866997
ADX,"Leuchars, Fife",GB,Leuchars Station Airfield,56.37398,-2.868862
ADZ,San Andrés,CO,Gustavo Rojas Pinilla International Airport,12.5836,-81.7112
AEB,Baise (Tianyang),CN,Baise (Bose) Bama Airport,23.7206,106.959999
AEG,Padang Sidempuan,ID,Aek Godang Airport,1.4001,99.430496
AEH,Abeche,TD,Abeche Airport,13.847,20.844299
AEP,Buenos Aires,AR,Aeroparque Jorge Newbery,-34.559419,-58.415536
AER,Sochi,RU,Sochi International Airport,43.449902,39.9566
AES,Ålesund,NO,Ålesund Airport,62.560443,6.110845
AEU,Abu Musa,IR,Abu Musa Island Airport,25.8757,55.033001
AEX,Alexandria,US,Alexandria International Airport,31.325828,-92.546702
AEY,Akureyri,IS,Akureyri International Airport,65.656573,-18.072018
AFA,San Rafael,AR,Suboficial Ay Santiago Germano Airport,-34.588299,-68.4039
AFL,Alta Floresta,BR,Piloto Osvaldo Marques Dias Airport,-9.866389,-56.106298
AFW,Fort Worth,US,Perot Field/Fort Worth Alliance Airport,32.99044,-97.31947
AFY,Afyonkarahisar,TR,Afyon Air Base,38.726398,30.601101
AFZ,Sabzevar,IR,Sabzevar National Airport,36.16809844970703,57.59519958496094
AGA,Agadir (Temsia),MA,Al Massira Airport,30.322478,-9.412003
AGB,Augsburg,DE,Augsburg Airport,48.425278,10.931667
AGC,Pittsburgh,US,Allegheny County Airport,40.354401,-79.930199
AGF,Agen,FR,Agen La Garenne airport,44.174171,0.59309
AGH,Ängelholm,SE,Ängelholm-Helsingborg Airport,56.29610061645508,12.847100257873535
AGP,Málaga,ES,Málaga-Costa del Sol Airport,36.6749,-4.49911
AGR,Agra,IN,Agra Airport / Agra Air Force Station,27.157975,77.961025
AGS,Augusta,US,Augusta Regional At Bush Field,33.3699,-81.9645
AGT,Ciudad del Este,PY,Guaraní International Airport,-25.457186,-54.839544
AGU,Aguascalientes,MX,Aguascalientes International Airport,21.699589,-102.318372
AGV,Acarigua,VE,Oswaldo Guevara Mujica Airport,9.553375,-69.237869
AGX,Agatti,IN,Agatti Airport,10.8237,72.176003
AGZ,Aggeneys,ZA,Aggeneys Airport,-29.281799,18.8139
AHA,Ambikapur,IN,Maa Mahamaya Airport,22.98753,83.19612
AHB,Abha,SA,Abha International Airport,18.2404,42.656601
AHE,Ahe Atoll,PF,Ahe Airport,-14.428099632263184,-146.2570037841797
AHJ,Ngawa (Hongyuan),CN,Hongyuan Airport,32.53154,102.35224
AHN,Athens,US,Athens Ben Epps Airport,33.948842,-83.325634
AHO,Alghero,IT,Alghero-Fertilia Airport,40.632099,8.29077
AHU,Al Hoceima,MA,Cherif Al Idrissi Airport,35.177101,-3.83952
AIA,Alliance,US,Alliance Municipal Airport,42.052543,-102.803965
AIN,Wainwright,US,Wainwright Airport,70.638,-159.994995
AJA,Ajaccio,FR,Ajaccio Napoléon Bonaparte airport,41.923599,8.80292
AJF,Al-Jawf,SA,Al-Jawf International Airport,29.783301,40.100905
AJI,Ağrı,TR,Ağrı Airport,39.655642,43.025742
AJL,Aizawl (Lengpui),IN,Lengpui Airport,23.840599,92.619698
AJN,Ouani,KM,Ouani Airport,-12.131047,44.430044
AJR,Arvidsjaur,SE,Arvidsjaur Airport,65.59030151367188,19.28190040588379
AJU,Aracaju,BR,Aracaju - Santa Maria Airport,-10.98394,-37.072873
AJY,Agadez,NE,Mano Dayak International Airport,16.966,8.00011
AKC,Akron,US,Akron Fulton International Airport,41.037355,-81.46784
AKD,Akola,IN,Akola Airport,20.698931,77.056883
AKF,Kufra,LY,Kufra Airport,24.178699493408203,23.31399917602539
AKH,Al Kharj,SA,Prince Sultan Air Base,24.0627,47.580502
AKJ,Higashikagura,JP,Asahikawa Airport,43.670799,142.447006
AKL,Auckland,NZ,Auckland International Airport,-37.01199,174.786331
AKN,King Salmon,US,King Salmon Airport,58.677845,-156.651965
AKP,Anaktuvuk Pass,US,Anaktuvuk Pass Airport,68.133598,-151.742996
AKR,Akure,NG,Akure Airport,7.246739864349365,5.3010101318359375
AKT,Akrotiri,CY,RAF Akrotiri,34.590401,32.9879
AKU,Aksu (Onsu),CN,Aksu Hongqipo Airport,41.262501,80.291702
AKW,Omidiyeh,IR,Aghajari Airport,30.7444,49.6772
AKX,Aktobe,KZ,Aktobe International Airport,50.248116,57.204144
AKY,Sittwe,MM,Sittwe Airport,20.133165,92.870693
ALA,Almaty,KZ,Almaty International Airport,43.354267,77.042828
ALB,Albany,US,Albany International Airport,42.748299,-73.801697
ALC,Alicante,ES,Alicante-Elche Miguel Hernández Airport,38.2822,-0.558156
ALF,Alta,NO,Alta Airport,69.976097,23.3717
ALG,Algiers,DZ,Houari Boumediene Airport,36.693886,3.214531
ALH,Albany,AU,Albany Airport,-34.943333,117.808889
ALI,Alice,US,Alice International Airport,27.7409,-98.026901
ALJ,Alexander Bay,ZA,Alexander Bay Airport,-28.575001,16.5333
ALM,Alamogordo,US,Alamogordo White Sands Regional Airport,32.837818,-105.993149
ALN,Alton/St Louis,US,St Louis Regional Airport,38.89030075069999,-90.0459976196
ALO,Waterloo,US,Waterloo Regional Airport,42.557098388671875,-92.40029907226562
ALP,Aleppo,SY,Aleppo International Airport,36.181262,37.226869
ALR,Alexandra,NZ,Alexandra Aerodrome,-45.210495,169.371113
ALS,Alamosa,US,San Luis Valley Regional Airport/Bergman Field,37.434898,-105.866997
ALW,Walla Walla,US,Walla Walla Regional Airport,46.09489822,-118.288002
AMA,Amarillo,US,Rick Husband Amarillo International Airport,35.217857,-101.706444
AMD,Ahmedabad,IN,Sardar Vallabh Patel International Airport,23.0772,72.634697
AMH,Arba Minch,ET,Arba Minch Airport,6.03939,37.5905
AMM,Amman,JO,Queen Alia International Airport,31.7226009369,35.9931983948
AMQ,Ambon,ID,Pattimura International Airport,-3.71026,128.089005
AMS,Amsterdam,NL,Amsterdam Airport Schiphol,52.308601,4.76389
AMV,Amderma,RU,Amderma Airport,69.763712,61.556711
AMZ,Manurewa,NZ,Ardmore Airport,-37.029701232910156,174.97300720214844
ANB,Anniston,US,Anniston Regional Airport,33.5882,-85.8581
ANC,Anchorage,US,Ted Stevens Anchorage International Airport,61.179004,-149.992561
AND,Anderson,US,Anderson Regional Airport,34.4945983887,-82.70939636230001
ANE,Angers,FR,Angers Marcé airport,47.560299,-0.312222
ANF,Antofagasta,CL,Andrés Sabella Gálvez International Airport,-23.445274,-70.445232
ANG,Angoulême,FR,Angoulême Brie-Champniers airport,45.729198,0.221456
ANI,Aniak,US,Aniak Airport,61.581600189208984,-159.54299926757812
ANK,Ankara,TR,Etimesgut Air Base,39.949798584,32.6885986328
ANM,Antsirabe,MG,Antsirabe Airport,-14.9994,50.320202
ANN,Metlakatla,US,Annette Island Airport,55.037663,-131.572609
ANR,Antwerp,BE,Antwerp International Airport (Deurne),51.190667,4.463153
ANU,Osbourn,AG,V. C. Bird International Airport,17.1367,-61.792702
ANV,Anvik,US,Anvik Airport,62.646702,-160.190994
ANX,Andenes,NO,"Andøya Airport, Andenes",69.295193,16.139379
AOC,Nobitz,DE,Leipzig–Altenburg Airport,50.981945,12.506389
AOE,Eskişehir,TR,Hasan Polatkan Airport,39.811644,30.519268
AOG,Anshan,CN,Anshan Teng'ao Airport / Anshan Air Base,41.105301,122.853996
AOI,Falconara Marittima (AN),IT,Marche Airport,43.616299,13.3623
AOJ,Aomori,JP,Aomori Airport,40.733777,140.689477
AOK,Karpathos Island,GR,Karpathos Airport,35.421398,27.146
AOL,Paso de los Libres,AR,Paso De Los Libres Airport,-29.6894,-57.1521
AOO,Altoona,US,Altoona Blair County Airport,40.296398,-78.32
AOR,Alor Satar,MY,Sultan Abdul Halim Airport,6.189670085906982,100.39800262451172
AOT,Saint-Christophe (AO),IT,Aosta Corrado Gex Airport,45.738552,7.3683
APA,Denver,US,Centennial Airport,39.57009888,-104.848999
APF,Naples,US,Naples Municipal Airport,26.1525993347,-81.7752990723
APG,Aberdeen,US,Phillips Army Air Field,39.466202,-76.1688
API,Apiay,CO,Gomez Nino Apiay Air Base,4.07607,-73.5627
APJ,Burang Town,CN,Ali Pulan Airport,30.397898,81.13317
APL,Nampula,MZ,Nampula Airport,-15.1056,39.281799
APN,Alpena,US,Alpena County Regional Airport,45.0780983,-83.56030273
APO,Carepa,CO,Antonio Roldán Betancur Airport,7.81196,-76.7164
APW,Apia,WS,Faleolo International Airport,-13.83,-172.007996
APZ,Zapala,AR,Zapala Airport,-38.975498,-70.113602
AQA,Araraquara,BR,Araraquara Airport,-21.812,-48.132999
AQG,Anqing,CN,Anqing Tianzhushan Airport / Anqing North Air Base,30.582199,117.050003
AQI,Qaisumah,SA,Qaisumah–Hafar Al-Batin International Airport,28.335726,46.127108
AQJ,Aqaba,JO,King Hussein International Airport,29.611601,35.018101
AQP,Arequipa,PE,Rodríguez Ballón International Airport,-16.340786,-71.569485
ARA,New Iberia,US,Acadiana Regional Airport,30.0378,-91.883904
ARC,Arctic Village,US,Arctic Village Airport,68.1147,-145.578995
ARE,Arecibo,PR,Antonio Nery Juarbe Pol Airport,18.45085,-66.675768
ARH,Archangelsk,RU,Talagi Airport,64.60030364990234,40.71670150756836
ARI,Arica,CL,Chacalluta International Airport,-18.348499,-70.338699
ARK,Arusha,TZ,Arusha Airport,-3.3677899837493896,36.63330078125
ARM,Armidale,AU,Armidale Airport,-30.528099060099997,151.617004395
ARN,Stockholm,SE,Stockholm-Arlanda Airport,59.64849,17.928829
ART,Watertown,US,Watertown International Airport,43.991901,-76.021698
ARU,Araçatuba,BR,Araçatuba Airport,-21.141479,-50.424575
ARW,Arad,RO,Arad International Airport,46.176136,21.264322
ARX,Aracati,BR,Aracati Dragão do Mar Regional Airport,-4.568896,-37.805135
ARY,Ararat,AU,Ararat Airport,-37.309978,142.988688
ASA,Assab,ER,Assab International Airport,13.0718,42.645
ASB,Ashgabat,TM,Ashgabat International Airport,37.986801,58.361
ASD,Andros Town,BS,Andros Town Airport,24.697901,-77.795601
ASE,Aspen,US,Aspen-Pitkin County Airport (Sardy Field),39.223202,-106.869003
ASF,Astrakhan,RU,Astrakhan Narimanovo Boris M. Kustodiev International Airport,46.282843,48.010511
ASI,Cat Hill,SH,RAF Ascension Island,-7.970179,-14.392744
ASJ,Amami,JP,Amami Airport,28.430599212646484,129.71299743652344
ASK,Yamoussoukro,CI,Yamoussoukro International Airport,6.90317,-5.36558
ASM,Asmara,ER,Asmara International Airport,15.2919,38.910702
ASO,Asosa,ET,Asosa Airport,10.018500328063965,34.586299896240234
ASP,Alice Springs,AU,Alice Springs Airport,-23.806588,133.903427
ASR,Kayseri,TR,Kayseri Erkilet International Airport,38.770401,35.495399
AST,Astoria,US,Astoria Regional Airport,46.158000946,-123.878997803
ASU,Asunción,PY,Silvio Pettirossi International Airport,-25.240156,-57.519227
ASV,Ol Tukai,KE,Amboseli Airport,-2.644786,37.252922
ASW,Aswan,EG,Aswan International Airport,23.961075,32.820382
ATA,Anta,PE,Comandante FAP German Arias Graziani Airport,-9.347439765930176,-77.59839630126953
ATC,Arthur's Town,BS,Arthur's Town Airport,24.6294,-75.673797
ATF,Ambato,EC,Chachoán Regional Airport,-1.21207,-78.5746
ATG,Kamra,PK,Minhas Air Base,33.8690986633,72.4009017944
ATH,Spata-Artemida,GR,Athens Eleftherios Venizelos International Airport,37.936401,23.9445
ATK,Atqasuk,US,Atqasuk Edward Burnell Sr Memorial Airport,70.46704,-157.436013
ATL,Atlanta,US,Hartsfield Jackson Atlanta International Airport,33.6367,-84.428101
ATM,Altamira,BR,Altamira Interstate Airport,-3.253144,-52.253938
ATQ,Amritsar,IN,Sri Guru Ram Das Ji International Airport,31.7096,74.797302
ATR,Atar,MR,Atar International Airport,20.505823,-13.043744
ATW,Appleton,US,Appleton International Airport,44.258515,-88.519
ATY,Watertown,US,Watertown Regional Airport,44.91400146,-97.15470123
ATZ,Asyut,EG,Asyut International Airport,27.045962,31.01276
AUA,Oranjestad,AW,Queen Beatrix International Airport,12.501056,-70.014281
AUC,Arauca,CO,Santiago Perez Airport,7.06888,-70.7369
AUF,Auxerre,FR,Auxerre Branches airport,47.850201,3.49711
AUG,Augusta,US,Augusta State Airport,44.320598602299995,-69.7973022461
AUH,Abu Dhabi,AE,Zayed International Airport,24.440966,54.649237
AUQ,Hiva Oa Island,PF,Hiva Oa-Atuona Airport,-9.76879024506,-139.011001587
AUR,Aurillac,FR,Aurillac airport,44.891399,2.42194
AUS,Austin,US,Austin Bergstrom International Airport,30.197535,-97.662015
AUW,Wausau,US,Wausau Downtown Airport,44.9262008667,-89.6266021729
AUX,Araguaína,BR,Araguaína Airport,-7.22787,-48.240501
AVA,Anshun (Xixiu),CN,Anshun Huangguoshu Airport,26.260556,105.873333
AVB,Aviano (PN),IT,Aviano Air Base,46.031898,12.596503
AVI,Ciro Redondo,CU,Máximo Gómez Airport,22.0271,-78.789597
AVK,Arvaikheer,MN,Arvaikheer Airport,46.250301361083984,102.802001953125
AVL,Asheville,US,Asheville Regional Airport,35.435488,-82.541853
AVN,Avignon,FR,Avignon Caumont airport,43.907299,4.90183
AVP,Wilkes-Barre/Scranton,US,Wilkes-Barre/Scranton International Airport,41.337064,-75.724232
AVR,Amravati,IN,Amravati  Airport,20.814608,77.717765
AVV,Geelong/Melbourne,AU,Melbourne Avalon International Airport,-38.040269,144.467196
AWA,Hawassa,ET,Hawassa International Airport,7.100611,38.396455
AWK,Wake Island,UM,Wake Island Airfield,19.282437,166.636637
AWZ,Ahvaz,IR,Qasem Soleimani International Airport,31.3364,48.763789
AXA,The Valley,AI,Clayton J. Lloyd International Airport,18.204773,-63.05383
AXD,Alexandroupolis,GR,Alexandroupoli Democritus Airport,40.8559,25.956301
AXF,Bayanhot,CN,Alxa Left Banner Bayanhot Airport,38.748317,105.58416
AXJ,Amakusa,JP,Amakusa Airport,32.482498,130.158997
AXK,Ataq,YE,Ataq Airport,14.5513,46.826199
AXM,Armenia,CO,El Eden Airport,4.45278,-75.7664
AXN,Alexandria,US,Chandler Field,45.866299,-95.394699
AXP,Spring Point,BS,Spring Point Airport,22.441799,-73.970901
AXR,Arutua,PF,Arutua Airport,-15.248299598693848,-146.61700439453125
AXT,Akita,JP,Akita Airport,39.615601,140.218994
AXU,Axum,ET,Axum Airport,14.1468,38.7728
AYJ,Faizabad,IN,Maharshi Valmiki International Airport,26.747736,82.163664
AYO,Ayolas,PY,Aeropuerto Nacional Juan de Ayolas,-27.378379,-56.856791
AYP,Ayacucho,PE,Air Force Colonel Alfredo Mendivil Duarte Airport,-13.1548,-74.204399
AYQ,Yulara,AU,Ayers Rock Connellan Airport,-25.185913,130.97703
AYT,Antalya,TR,Antalya International Airport,36.898701,30.800501
AYX,Atalaya,PE,Teniente General Gerardo Pérez Pinedo Airport,-10.7291,-73.766502
AZA,Mesa,US,Mesa Gateway Airport,33.3078,-111.654999
AZD,Yazd,IR,Shahid Sadooghi Airport,31.9048995972,54.2765007019
AZI,Abu Dhabi,AE,Al Bateen Executive Airport,24.427062,54.459866
AZN,Andijan,UZ,Andijan International Airport,40.727699,72.293999
AZO,Kalamazoo,US,Kalamazoo/Battle Creek International Airport,42.232105,-85.549637
AZR,Adrar,DZ,Touat-Cheikh Sidi Mohamed Belkebir Airport,27.837601,-0.186414
AZS,Samana,DO,Samaná El Catey International Airport,19.269259,-69.737405
BAB,Beale Air Force Base,US,Beale Air Force Base,39.136101,-121.436996
BAD,Bossier City,US,Barksdale Air Force Base,32.501801,-93.662697
BAF,Westfield,US,Westfield-Barnes Regional Airport,42.157799,-72.715599
BAG,Baguio,PH,Loakan Airport,16.375034,120.619949
BAH,Manama,BH,Bahrain International Airport,26.267295,50.63764
BAI,Punta Arenas,CR,Buenos Aires Airport,9.163949,-83.330171
BAL,Batman,TR,Batman Airport,37.929001,41.1166
BAQ,Barranquilla,CO,Ernesto Cortissoz International Airport,10.8896,-74.7808
BAR,Qionghai (Basuo),CN,Qionghai Bo'ao Airport,19.140951,110.452766
BAT,Barretos,BR,Chafei Amsei Airport,-20.584631,-48.594125
BAV,Baotou,CN,Baotou Donghe International Airport,40.560001,109.997002
BAX,Barnaul,RU,Barnaul Gherman Titov International Airport,53.361285,83.539701
BAY,Tăuții-Măgherăuș,RO,Maramureș International Airport,47.658444,23.464445
BBA,Balmaceda,CL,Balmaceda Airport,-45.915968,-71.689499
BBD,Brady,US,Curtis Field,31.178931,-99.324732
BBI,Bhubaneswar,IN,Biju Patnaik International Airport,20.251021,85.814747
BBK,Kasane,BW,Kasane International Airport,-17.831653,25.166195
BBM,Battambang,KH,Battambang Airport,13.0956,103.223999
BBN,Bario,MY,Bario Airport,3.734648,115.478548
BBO,Berbera,SO,Berbera Airport,10.385035,44.936723
BBQ,Codrington,AG,Burton-Nibbs International Airport,17.621194,-61.798347
BBS,"Camberley, Surrey",GB,Blackbushe Airport,51.323898,-0.8475
BBT,Berbérati,CF,Berbérati Airport,4.2215800285339355,15.786399841308594
BBU,Bucharest,RO,Bucharest Băneasa Aurel Vlaicu International Airport,44.503133,26.102944
BCA,Baracoa,CU,Gustavo Rizo Airport,20.365299224853516,-74.5062026977539
BCD,Bacolod City,PH,Bacolod-Silay International Airport,10.776237,123.018879
BCE,Bryce Canyon,US,Bryce Canyon Airport,37.706401825,-112.144996643
BCH,Baucau,TL,Baucau Airport,-8.486479,126.399981
BCI,Barcaldine,AU,Barcaldine Airport,-23.566268,145.302086
BCL,Pococi,CR,Barra del Colorado Airport,10.7687,-83.585602
BCM,Bacău,RO,Bacău George Enescu International  Airport,46.5219,26.910299
BCN,Barcelona,ES,Josep Tarradellas Barcelona-El Prat Airport,41.2971,2.07846
BCO,Jinka,ET,Jinka Airport,5.749655,36.560165
BCQ,Brak,LY,Brak Airport,27.653,14.272
BCT,Boca Raton,US,Boca Raton Airport,26.3785,-80.107697
BCU,Bauchi,NG,Sir Abubakar Tafawa Balewa Bauchi State International Airport,10.482833,9.744
BCW,Benguera Island,MZ,Benguera Island Airport,-21.8533,35.438301
BDA,Hamilton,BM,L.F. Wade International Airport,32.363802,-64.67824
BDB,Bundaberg,AU,Bundaberg Airport,-24.905039,152.322612
BDE,Baudette,US,Baudette International Airport,48.728401,-94.612198
BDH,Bandar Lengeh,IR,Bandar Lengeh International Airport,26.532283,54.82484
BDJ,Banjarbaru,ID,Syamsudin Noor International Airport,-3.440112,114.761209
BDL,Hartford,US,Bradley International Airport,41.938555,-72.688016
BDM,Bandırma,TR,Bandırma Airport,40.318001,27.977699
BDO,Bandung,ID,Husein Sastranegara International Airport,-6.90063,107.575996
BDQ,Vadodara,IN,Vadodara International Airport,22.336201,73.226303
BDR,Bridgeport,US,Igor I Sikorsky Memorial Airport,41.163502,-73.126198
BDS,Brindisi,IT,Brindisi Airport,40.6576,17.947001
BDT,Gbadolite,CD,Gbadolite Airport,4.252745,20.975271
BDU,Målselv,NO,Bardufoss Airport,69.055801,18.5404
BEB,Balivanich,GB,Benbecula Airport,57.481098,-7.36278
BED,Bedford,US,Laurence G Hanscom Field,42.470001,-71.289001
BEF,Bluefields,NI,Bluefields Airport,11.991,-83.774101
BEG,Belgrade,RS,Belgrade Nikola Tesla Airport,44.818401,20.309099
BEJ,Tanjung Redeb - Borneo Island,ID,Kalimarau Airport,2.14776,117.430705
BEK,Bareilly,IN,Bareilly Air Force Station,28.4221,79.450798
BEL,Belém,BR,Val de Cans/Júlio Cezar Ribeiro International Airport,-1.379279,-48.476207
BEM,Oulad Yaich,MA,Beni Mellal Airport,32.401895,-6.315905
BEN,Benina,LY,Benina International Airport,32.096802,20.269501
BEP,Bellary,IN,Bellary Airport,15.162799835205078,76.88279724121094
BEQ,"Bury Saint Edmunds, Suffolk",GB,RAF Honington,52.342602,0.772939
BER,Berlin,DE,Berlin Brandenburg Airport,52.361738,13.502341
BES,Brest,FR,Brest Bretagne airport,48.447899,-4.41854
BET,Bethel,US,Bethel Airport,60.77980042,-161.8379974
BEU,Bedourie,AU,Bedourie Airport,-24.3461,139.460007
BEW,Beira,MZ,Beira International Airport,-19.7964,34.9076
BEX,"Wallingford, Oxfordshire",GB,RAF Benson,51.614366,-1.095991
BEY,Beirut,LB,Beirut Rafic Hariri International Airport,33.819833,35.487443
BFD,Bradford,US,Bradford Regional Airport,41.8031005859375,-78.64009857177734
BFE,Bielefeld,DE,Bielefeld Airport,51.964722,8.544444
BFF,Scottsbluff,US,Western Neb. Rgnl/William B. Heilig Airport,41.87400055,-103.5960007
BFH,Curitiba,BR,Bacacheri Airport,-25.4051,-49.231998
BFI,Seattle,US,King County International Airport - Boeing Field,47.527042,-122.29995
BFJ,Bijie,CN,Bijie Feixiong Airport,27.267066,105.472097
BFK,Aurora,US,Buckley Space Force Base,39.701698,-104.751999
BFL,Bakersfield,US,Meadows Field,35.433601,-119.056999
BFM,Mobile,US,Mobile Downtown Airport,30.626800537100003,-88.06809997559999
BFN,Bloemfontein,ZA,Bram Fischer International Airport,-29.092699,26.302401
BFO,Chiredzi,ZW,Buffalo Range Airport,-21.008101,31.5786
BFP,Beaver Falls,US,Beaver County Airport,40.772499,-80.391403
BFS,Belfast,GB,Belfast International Airport,54.6575012207,-6.2158298492399995
BFU,Bengbu,CN,Bengbu Renheji Airport,32.847733,117.320244
BFV,Buriram,TH,Buri Ram Airport,15.2295,103.252998
BFX,Bafoussam,CM,Bafoussam Airport,5.536920070650001,10.354599952700001
BFY,Bengbu,CN,Bengbu Tenghu Airport,33.166292,117.058344
BGA,Bucaramanga,CO,Palonegro Airport,7.1265,-73.1848
BGC,Bragança,PT,Bragança Airport,41.8578,-6.70713
BGF,Bangui,CF,Bangui M'Poko International Airport,4.39848,18.518801
BGG,Bingöl,TR,Bingöl Airport,38.860131,40.594489
BGI,Bridgetown,BB,Grantley Adams International Airport,13.074667,-59.491034
BGM,Binghamton,US,Greater Binghamton/Edwin A Link field,42.20869827,-75.97979736
BGN,Belaya Gora,RU,Belaya Gora Airport,68.556227,146.22784
BGO,Bergen,NO,"Bergen Airport, Flesland",60.2934,5.21814
BGR,Bangor,US,Bangor International Airport,44.806364,-68.826668
BGW,Baghdad,IQ,Baghdad International Airport / New Al Muthana Air Base,33.262501,44.2346
BGX,Bagé,BR,Comandante Gustavo Kraemer Airport,-31.390499,-54.112202
BGY,Orio al Serio (BG),IT,Il Caravaggio International Airport,45.669362,9.708851
BHB,Bar Harbor,US,Hancock County-Bar Harbor Airport,44.45000076,-68.3615036
BHD,Belfast,GB,George Best Belfast City Airport,54.618099,-5.8725
BHE,Blenheim,NZ,Woodbourne Airport,-41.5182991027832,173.8699951171875
BHH,Bisha,SA,Bisha Airport,19.9844,42.620899
BHI,Bahía Blanca,AR,Comandante Espora Airport,-38.725,-62.1693
BHJ,Bhuj,IN,Bhuj Airport,23.2877998352,69.6701965332
BHK,Bukhara,UZ,Bukhara International Airport,39.775319,64.482279
BHM,Birmingham,US,Birmingham-Shuttlesworth International Airport,33.562877,-86.750712
BHO,Bhopal,IN,Raja Bhoj International Airport,23.2875,77.337402
BHQ,Broken Hill,AU,Broken Hill Airport,-32.0013999939,141.472000122
BHS,Bathurst,AU,Bathurst Airport,-33.406817,149.651161
BHU,Bhavnagar,IN,Bhavnagar Airport,21.752199173,72.1852035522
BHV,Bahawalpur,PK,Bahawalpur Airport,29.348100662231445,71.71800231933594
BHX,"Birmingham, West Midlands",GB,Birmingham Airport,52.453899,-1.74803
BHY,Beihai,CN,Beihai Fucheng Airport,21.538659,109.293683
BIA,Bastia,FR,Bastia-Poretta International airport,42.5527,9.48373
BIF,Fort Bliss/El Paso,US,Biggs Army Air Field (Fort Bliss),31.84950066,-106.3799973
BIG,Delta Junction Ft Greely,US,Allen Army Airfield,63.994499,-145.722
BIH,Bishop,US,Eastern Sierra Regional Airport,37.3731,-118.363998
BIK,Biak,ID,Frans Kaisiepo Airport,-1.19002,136.108002
BIL,Billings,US,Billings Logan International Airport,45.808932,-108.541242
BIM,South Bimini,BS,South Bimini Airport,25.6998996735,-79.2647018433
BIO,Bilbao,ES,Bilbao Airport,43.301102,-2.91061
BIQ,Biarritz,FR,Biarritz Pays Basque airport,43.468372,-1.523223
BIR,Biratnagar,NP,Biratnagar Airport,26.48150062561035,87.26399993896484
BIS,Bismarck,US,Bismarck Municipal Airport,46.772734,-100.746874
BIU,Bildudalur,IS,Bildudalur Airport,65.641296,-23.5462
BIX,Biloxi,US,Keesler Air Force Base,30.4104003906,-88.92440032959999
BIY,Bisho,ZA,Bisho Airport,-32.897099,27.2791
BJA,Béjaïa,DZ,Soummam–Abane Ramdane Airport,36.712547,5.069909
BJB,Bojnord,IR,Bojnord Airport,37.49300003051758,57.30820083618164
BJC,Denver,US,Rocky Mountain Metropolitan Airport,39.908798,-105.116997
BJF,Båtsfjord,NO,Båtsfjord Airport,70.60025,29.692612
BJI,Bemidji,US,Bemidji Regional Airport,47.50939941,-94.93370056
BJL,Banjul (Yundum),GM,Banjul International Airport,13.338,-16.652201
BJM,Bujumbura,BI,Bujumbura Melchior Ndadaye International Airport,-3.32402,29.318501
BJO,Bermejo,BO,Bermejo Airport,-22.7733001709,-64.31289672850001
BJR,Bahir Dar,ET,Bahir Dar Airport,11.6081,37.321602
BJV,Bodrum,TR,Milas Bodrum International Airport,37.249314,27.66401
BJX,Silao,MX,Guanajuato International Airport,20.992695,-101.480284
BJY,Zemun,RS,Batajnica Air Base,44.935299,20.2575
BJZ,Badajoz,ES,Badajoz Airport,38.8913,-6.82133
BKA,Baykit,RU,Baykit Airport,61.676701,96.355003
BKB,Bikaner,IN,Nal Airport,28.070601,73.207199
BKE,Baker City,US,Baker City Municipal Airport,44.837299346900004,-117.808998108
BKG,Branson,US,Branson Airport,36.532082,-93.200544
BKH,Kekaha,US,Barking Sands Airport,22.0228,-159.785004
BKI,Kota Kinabalu,MY,Kota Kinabalu International Airport,5.932743,116.049324
BKK,Bangkok,TH,Suvarnabhumi Airport,13.6811,100.747002
BKL,Cleveland,US,Burke Lakefront Airport,41.51750183105469,-81.68329620361328
BKN,Balkanabat,TM,Balkanabat International Airport,39.681052,54.206008
BKO,Bamako,ML,Modibo Keita International Airport,12.5335,-7.94994
BKQ,Blackall,AU,Blackall Airport,-24.431678,145.429716
BKS,Bengkulu,ID,Fatmawati Soekarno Airport,-3.8637,102.338997
BKW,Beaver,US,Raleigh County Memorial Airport,37.7873,-81.124199
BKY,Kamakombe,CD,Bukavu Kavumu Airport,-2.30898,28.8088
BLA,Barcelona,VE,General José Antonio Anzoategui International Airport,10.111111,-64.692222
BLD,Boulder City,US,Boulder City Municipal Airport,35.947161,-114.858799
BLE,Borlange,SE,Dala Airport,60.422001,15.5152
BLF,Bluefield,US,Mercer County Airport,37.295799,-81.207703
BLH,Blythe,US,Blythe Airport,33.6192016602,-114.717002869
BLI,Bellingham,US,Bellingham International Airport,48.79280090332031,-122.53800201416016
BLJ,Batna,DZ,Batna Mostefa Ben Boulaid Airport,35.752102,6.30859
BLK,Blackpool,GB,Blackpool Airport,53.771702,-3.02861
BLL,Billund,DK,Billund Airport,55.740335,9.157019
BLN,Benalla,AU,Benalla Airport,-36.551899,146.007004
BLQ,Bologna,IT,Bologna Guglielmo Marconi Airport,44.5354,11.2887
BLR,Bengaluru,IN,Kempegowda International Airport Bengaluru,13.1979,77.706299
BLT,Blackwater,AU,Blackwater Airport,-23.6031,148.807007
BLV,Belleville,US,Scott AFB/Midamerica Airport,38.5452,-89.835197
BLZ,Blantyre,MW,Chileka International Airport,-15.677189,34.972319
BMA,Stockholm,SE,Stockholm-Bromma Airport,59.354401,17.9417
BME,Broome,AU,Broome International Airport,-17.949194,122.2283
BMG,Bloomington,US,Monroe County Airport,39.145999908447266,-86.61669921875
BMI,Bloomington/Normal,US,Central Illinois Regional Airport at Bloomington-Normal,40.4771,-88.915901
BMM,Bitam,GA,Bitam Airport,2.07564,11.4932
BMU,Bima,ID,Sultan Muhammad Salahuddin Airport,-8.537184,118.685002
BMV,Buon Ma Thuot,VN,Buon Ma Thuot Airport,12.668299675,108.120002747
BMW,Bordj Badji Mokhtar,DZ,Bordj Badji Mokhtar Airport,21.3778,0.92698
BNA,Nashville,US,Nashville International Airport,36.1245,-86.6782
BND,Bandar Abbas,IR,Bandar Abbas International Airport,27.2183,56.3778
BNE,Brisbane,AU,Brisbane International Airport,-27.384199142456055,153.11700439453125
BNI,Benin,NG,Benin Airport,6.316979885101318,5.5995001792907715
BNK,Ballina,AU,Ballina Byron Gateway Airport,-28.833236,153.561471
BNN,Brønnøy,NO,"Brønnøysund Airport, Brønnøy",65.461098,12.2175
BNO,Burns,US,Burns Municipal Airport,43.590463,-118.955154
BNS,Barinas,VE,Barinas Airport,8.615,-70.214167
BNX,Mahovljani,BA,Banja Luka International Airport,44.941399,17.297501
BOB,Motu Mute,PF,Bora Bora Airport,-16.444400787353516,-151.75100708007812
BOC,Isla Colón,PA,"Bocas del Toro ""Isla Colón"" International Airport",9.34085,-82.250801
BOD,Bordeaux,FR,Bordeaux–Mérignac Airport,44.82865,-0.715356
BOG,Bogota,CO,El Dorado International Airport,4.70159,-74.1469
BOH,Bournemouth,GB,Bournemouth Airport,50.780483,-1.839576
BOI,Boise,US,Boise Air Terminal/Gowen Field,43.5644,-116.223
BOJ,Burgas,BG,Burgas Airport,42.569917,27.515173
BOM,Mumbai,IN,Chhatrapati Shivaji Maharaj International Airport,19.088699,72.867897
BON,Kralendijk,BQ,Flamingo International Airport,12.131,-68.268501
BOO,Bodø,NO,Bodø Airport,67.269203,14.3653
BOR,Ton Phueng,LA,Bokeo International Airport,20.323986,100.165392
BOS,Boston,US,Boston Logan International Airport,42.36197,-71.0079
BOU,Bourges,FR,Bourges airport,47.060158,2.369633
BOY,Bobo Dioulasso,BF,Bobo Dioulasso Airport,11.1601,-4.33097
BPC,Bamenda,CM,Bamenda Airport,6.03924,10.1226
BPE,Qinhuangdao (Changli),CN,Qinhuangdao Beidaihe Airport,39.666384,119.061384
BPG,Barra do Garças,BR,Barra do Garças Airport,-15.861417,-52.389008
BPH,Bislig,PH,Bislig Airport,8.195052,126.321015
BPI,Big Piney,US,Miley Memorial Field,42.58509827,-110.1110001
BPL,Bole,CN,Bole Alashankou Airport,44.895461,82.30007
BPM,Hyderabad,IN,Begumpet Airport,17.4531,78.467598
BPN,Balikpapan,ID,Sultan Aji Muhammad Sulaiman Sepinggan International Airport,-1.268342,116.89452
BPS,Porto Seguro,BR,Porto Seguro International Airport,-16.438426,-39.080584
BPT,Beaumont/Port Arthur,US,Jack Brooks Regional Airport,29.9508,-94.020699
BPX,Bangda,CN,Qamdo Bangda Airport,30.553600311279297,97.1082992553711
BPY,Besalampy,MG,Besalampy Airport,-16.74453,44.482484
BQA,Baler,PH,Dr. Juan C. Angara Airport,15.729309,121.500034
BQH,London,GB,London Biggin Hill Airport,51.33079910279999,0.0324999988079
BQK,Brunswick,US,Brunswick Golden Isles Airport,31.258801,-81.466499
BQL,Boulia,AU,Boulia Airport,-22.913299560546875,139.89999389648438
BQN,Aguadilla,PR,Rafael Hernández International Airport,18.4949,-67.129402
BQS,Blagoveschensk,RU,Ignatyevo Airport,50.426723,127.415502
BQT,Brest,BY,Brest International Airport,52.108138,23.89676
BQU,Bequia,VC,J F Mitchell Airport,12.9884,-61.262001
BRC,San Carlos de Bariloche,AR,Teniente Luis Candelaria International Airport,-41.151199,-71.157501
BRD,Brainerd,US,Brainerd Lakes Regional Airport,46.402861,-94.129727
BRE,Bremen,DE,Bremen Airport,53.046786,8.78932
BRI,Bari,IT,Bari Karol Wojtyła International Airport,41.138901,16.760599
BRK,Bourke,AU,Bourke Airport,-30.039199829101562,145.95199584960938
BRL,Burlington,US,Southeast Iowa Regional Airport,40.783199310302734,-91.12550354003906
BRM,Barquisimeto,VE,Jacinto Lara International Airport,10.042747,-69.35862
BRN,Bern,CH,Bern Airport,46.912736,7.498819
BRO,Brownsville,US,Brownsville South Padre Island International Airport,25.907238,-97.425235
BRQ,Brno,CZ,Brno-Tuřany Airport,49.151276,16.693972
BRR,Eoligarry,GB,Barra Airport,57.0228,-7.44306
BRS,Bristol,GB,Bristol Airport,51.382326,-2.716453
BRT,Wurrumiyanga,AU,Bathurst Island Airport,-11.764966,130.615774
BRU,Zaventem,BE,Brussels Airport,50.901402,4.48444
BRW,Utqiaġvik,US,Wiley Post Will Rogers Memorial Airport,71.285402,-156.766008
BRX,Barahona,DO,Maria Montez International Airport,18.25149917602539,-71.12039947509766
BSA,Bosaso,SO,Bender Qassim International Airport,11.275235,49.139231
BSB,Brasília,BR,Presidente Juscelino Kubitschek International Airport,-15.869167,-47.920834
BSC,Bahía Solano,CO,José Celestino Mutis Airport,6.20292,-77.3947
BSD,Baoshan (Longyang),CN,Baoshan Yunrui Airport,25.053301,99.168297
BSG,Bata,GQ,Bata International Airport,1.90547,9.80568
BSJ,Bairnsdale,AU,Bairnsdale Airport,-37.887539,147.569379
BSK,Biskra,DZ,Biskra - Mohamed Khider Airport,34.79318,5.738899
BSL,Bâle / Mulhouse,FR,EuroAirport Basel–Mulhouse–Freiburg,47.60068,7.521117
BSO,Basco,PH,Basco Airport,20.4513,121.980003
BSR,Basra,IQ,Basra International Airport,30.549101,47.662102
BSZ,Bishkek,KG,Manas International Airport,43.061298,74.4776
BTC,Batticaloa,LK,Batticaloa International Airport,7.705073,81.677163
BTH,Batam,ID,Hang Nadim International Airport,1.12103,104.119003
BTI,Barter Island,US,Barter Island Long Range Radar Station Airport,70.134003,-143.582001
BTJ,Banda Aceh,ID,Sultan Iskandar Muda International Airport,5.525087,95.41997
BTK,Bratsk,RU,Bratsk Airport,56.3696,101.701822
BTL,Battle Creek,US,Battle Creek Executive Airport at Kellogg Field,42.307301,-85.251503
BTM,Butte,US,Bert Mooney Airport,45.95479965209961,-112.49700164794922
BTR,Baton Rouge,US,Baton Rouge Metropolitan Airport,30.533199,-91.149597
BTS,Bratislava,SK,M. R. Štefánik Airport,48.1702,17.2127
BTU,Bintulu,MY,Bintulu Airport,3.12385010719,113.019996643
BTV,Burlington,US,Patrick Leahy Burlington International Airport,44.471901,-73.153297
BTZ,Betong,TH,Betong International Airport,5.79,101.15
BUA,Buka Island,PG,Buka Airport,-5.422299,154.672698
BUD,Budapest,HU,Budapest Liszt Ferenc International Airport,47.43018,19.262393
BUF,Buffalo,US,Buffalo Niagara International Airport,42.940498,-78.732201
BUG,Benguela,AO,Benguela Airport,-12.609,13.4037
BUJ,Ouled Sidi Brahim,DZ,Bou Saada Airport,35.3325,4.20639
BUN,Buenaventura,CO,Gerardo Tobar López Airport,3.81963,-76.9898
BUP,Bhatinda Air Force Station,IN,Bhatinda Air Force Station,30.2701,74.755798
BUQ,Bulawayo,ZW,Joshua Mqabuko Nkomo International Airport,-20.016284,28.622897
BUR,Burbank,US,Hollywood Burbank/Bob Hope Airport,34.202834,-118.35805
BUS,Batumi,GE,Alexander Kartveli Batumi International Airport,41.60939,41.600315
BUX,Bunia,CD,Bunia Airport,1.565743,30.220685
BUZ,Bushehr,IR,Bushehr Airport,28.9447994232,50.8345985413
BVA,Beauvais,FR,Beauvais-Tillé airport,49.454399,2.11278
BVB,Boa Vista,BR,Atlas Brasil Cantanhede International Airport,2.84615,-60.690648
BVC,Rabil,CV,Aristides Pereira International Airport,16.136499,-22.888901
BVE,Brive,FR,Brive Souillac airport,45.039722,1.485556
BVG,Berlevåg,NO,Berlevåg Airport,70.871517,29.034097
BVH,Vilhena,BR,Brigadeiro Camarão Airport,-12.6944,-60.098301
BVI,Birdsville,AU,Birdsville Airport,-25.897499084472656,139.34800720214844
BVJ,Bovanenkovo,RU,Bovanenkovo Airport,70.315278,68.333611
BVY,Beverly / Danvers,US,Beverly Regional Airport,42.584202,-70.916496
BWA,Siddharthanagar (Bhairahawa),NP,Gautam Buddha International Airport,27.504636,83.410381
BWE,Braunschweig,DE,Braunschweig-Wolfsburg Airport,52.319199,10.5561
BWF,Barrow-in-Furness,GB,Barrow Walney Island Airport,54.1286111,-3.2675
BWG,Bowling Green,US,Bowling Green Warren County Regional Airport,36.964500427199994,-86.41970062259999
BWH,Butterworth,MY,RMAF Butterworth Air Base,5.46592,100.390999
BWI,Baltimore,US,Baltimore/Washington International Thurgood Marshall Airport,39.1754,-76.668297
BWK,Gornji Humac,HR,Brač Airport,43.284454,16.678362
BWN,Bandar Seri Begawan,BN,Brunei International Airport,4.9442,114.928001
BWO,Balakovo,RU,Balakovo Airport,51.858299,47.745602
BWQ,Brewarrina,AU,Brewarrina Airport,-29.975792,146.81438
BWT,Burnie,AU,Wynyard Airport,-40.997039,145.726
BWU,Sydney,AU,Sydney Bankstown Airport,-33.923618,150.990792
BXB,Babo,ID,Babo Airport,-2.53224,133.438995
BXE,Bakel,SN,Bakel Airport,14.847299575805664,-12.468299865722656
BXH,Balkhash,KZ,Balkhash Airport,46.894246,75.004533
BXR,Bam,IR,Bam Airport,29.0842,58.450001
BXU,Butuan,PH,Bancasi Airport,8.9515,125.4788
BXY,Baikonur,KZ,Baikonur Krayniy International Airport,45.621994,63.210773
BYC,Yacuíba,BO,Yacuiba Airport,-21.960899353027344,-63.65169906616211
BYH,Blytheville,US,Arkansas International Airport,35.9642982483,-89.94400024410001
BYI,Burley,US,Burley Municipal Airport,42.542598724399994,-113.772003174
BYJ,Beja,PT,Beja Airport / Airbase,38.078899,-7.9324
BYK,Bouaké,CI,Bouaké Airport,7.7388,-5.07367
BYM,Bayamo,CU,Carlos Manuel de Cespedes Airport,20.3964,-76.621399
BYN,Bayankhongor,MN,Bayankhongor Airport,46.1633,100.704002
BYS,Fort Irwin/Barstow,US,Bicycle Lake Army Air Field,35.2804985046,-116.629997253
BYU,Bindlach,DE,Bayreuth Airport,49.985001,11.64
BZB,Bazaruto Island,MZ,Bazaruto Island Airport,-21.5411,35.4729
BZC,Cabo Frio,BR,Umberto Modiano Airport,-22.770881,-41.96308
BZD,Balranald,AU,Balranald Airport,-34.624834,143.577114
BZE,Belize City,BZ,Philip S. W. Goldson International Airport,17.539951,-88.303556
BZG,Bydgoszcz,PL,Ignacy Jan Paderewski Bydgoszcz Airport,53.096802,17.977699
BZI,Balıkesir,TR,Balıkesir Airport,39.619301,27.926001
BZK,Bryansk,RU,Bryansk International Airport,53.214403,34.175965
BZL,Barisal,BD,Barisal Airport,22.801001,90.301201
BZN,Bozeman,US,Bozeman Yellowstone International Airport,45.778853,-111.153711
BZO,Bolzano (BZ),IT,Bolzano Airport,46.459245,11.326125
BZR,Béziers,FR,Béziers Vias airport,43.323502,3.3539
BZU,Buta,CD,Buta Zega Airport,2.818058,24.793997
BZV,Brazzaville,CG,Maya-Maya International Airport,-4.2517,15.253
BZX,Bazhong,CN,Bazhong Enyang Airport,31.73842,106.644872
BZY,Bălți,MD,Bălți-Leadoveni International Airport,47.837666,27.781108
BZZ,"Carterton, Oxfordshire",GB,RAF Brize Norton,51.75,-1.58362
CAB,Cabinda,AO,Cabinda Airport,-5.59839,12.188145
CAC,Cascavel,BR,Coronel Adalberto Mendes da Silva Airport,-25.000323,-53.501208
CAE,Columbia,US,Columbia Metropolitan Airport,33.938172,-81.123022
CAG,Cagliari,IT,Cagliari Elmas Airport,39.251499,9.05428
CAH,Ca Mau City,VN,Cà Mau Airport,9.177667,105.177778
CAI,Cairo,EG,Cairo International Airport,30.111534,31.396694
CAJ,Canaima,VE,Canaima Airport,6.231989,-62.85485
CAK,Akron,US,Akron Canton Regional Airport,40.916099548339844,-81.44219970703125
CAL,Campbeltown,GB,Campbeltown Airport,55.437199,-5.68639
CAN,Guangzhou (Huadu),CN,Guangzhou Baiyun International Airport,23.392401,113.299004
CAP,Cap Haitien,HT,Cap Haitien International Airport,19.725547,-72.20071
CAQ,Caucasia,CO,Juan H White Airport,7.96847,-75.1985
CAR,Caribou,US,Caribou Municipal Airport,46.871498,-68.017899
CAT,Cascais,PT,Cascais Airport,38.724998,-9.35523
CAW,Campos dos Goytacazes,BR,Bartolomeu Lisandro Airport,-21.698299,-41.301701
CAX,"Carlisle, Cumbria",GB,Carlisle Lake District Airport,54.9375,-2.80917
CAY,Matoury,GF,Cayenne – Félix Eboué Airport,4.819964,-52.361326
CAZ,Cobar,AU,Cobar Airport,-31.538299560546875,145.79400634765625
CBB,Cochabamba,BO,Jorge Wilsterman International Airport,-17.421105,-66.177102
CBD,IAF Camp,IN,Car Nicobar Air Force Base,9.153056,92.819273
CBG,"Cambridge, Cambridgeshire",GB,Cambridge City Airport,52.205002,0.175
CBH,Béchar,DZ,Béchar Boudghene Ben Ali Lotfi Airport,31.645700454711914,-2.269860029220581
CBJ,Cabo Rojo,DO,Cabo Rojo Airport,17.929000854492188,-71.6447982788086
CBL,Ciudad Bolivar,VE,General Tomas de Heres Airport,8.122161,-63.536957
CBM,Columbus,US,Columbus Air Force Base,33.643799,-88.443802
CBO,Datu Odin Sinsuat,PH,Cotabato (Awang) Airport,7.164753,124.209938
CBQ,Calabar,NG,Margaret Ekpo International Airport,4.976019859313965,8.347200393676758
CBR,Canberra,AU,Canberra Airport,-35.3069,149.195007
CBT,Catumbela,AO,Catumbela Airport,-12.4792,13.4869
CBV,Coban,GT,Coban Airport,15.469,-90.4067
CCC,Cayo Coco,CU,Jardines Del Rey Airport,22.461000442499998,-78.32839965820001
CCE,New Cairo,EG,Capital International Airport,30.06465,31.839974
CCF,Carcassonne,FR,Carcassonne Salvaza Airport,43.216,2.30632
CCH,Chile Chico,CL,Chile Chico Airport,-46.5831,-71.686323
CCJ,Calicut,IN,Calicut International Airport,11.135996,75.955152
CCK,West Island,CC,Cocos (Keeling) Islands Airport,-12.192218,96.834103
CCL,Chinchilla,AU,Chinchilla Airport,-26.771947,150.617571
CCM,Criciúma,BR,Forquilhinha - Criciúma  Airport,-28.725743,-49.424475
CCP,Concepcion,CL,Carriel Sur International Airport,-36.77235,-73.062828
CCR,Concord,US,Buchanan Field,37.9897,-122.056999
CCS,Maiquetía,VE,Maiquetía Simón Bolívar International Airport,10.602214,-66.991174
CCU,Kolkata,IN,Netaji Subhash Chandra Bose International Airport,22.654012,88.44765
CCY,Charles City,US,Northeast Iowa Regional Airport,43.0726013184,-92.6108016968
CCZ,Chub Cay,BS,Chub Cay Airport,25.417101,-77.880898
CDB,Cold Bay,US,Cold Bay Airport,55.207871,-162.725029
CDC,Cedar City,US,Cedar City Regional Airport,37.70100021362305,-113.0989990234375
CDE,Chengde,CN,Chengde Puning Airport,41.1225,118.073889
CDG,"Paris (Roissy-en-France, Val-d'Oise)",FR,Charles de Gaulle International Airport,49.00896,2.554117
CDJ,Conceição do Araguaia,BR,Conceição do Araguaia Airport,-8.34835,-49.301498
CDP,Kadapa,IN,Kadapa Airport,14.513154,78.769183
CDR,Chadron,US,Chadron Municipal Airport,42.837601,-103.095001
CDS,Childress,US,Childress Municipal Airport,34.4337997437,-100.288002014
CDT,Castellón de la Plana,ES,Castellón-Costa Azahar Airport,40.213889,0.073333
CDU,Cobbitty,AU,Camden Airport,-34.038338,150.686406
CDV,Cordova,US,Merle K (Mudhole) Smith Airport,60.491798,-145.477997
CEB,Cebu City/Lapu-Lapu City,PH,Mactan Cebu International Airport,10.309261,123.97974
CEC,Crescent City,US,Jack Mc Namara Field Airport,41.778929,-124.236403
CED,Ceduna,AU,Ceduna Airport,-32.13059997558594,133.7100067138672
CEE,Cherepovets,RU,Cherepovets Airport,59.273601532,38.015800476100004
CEF,Chicopee,US,Westover Metropolitan Airport / Westover Air Reserve Base,42.194,-72.534798
CEG,Broughton,GB,Hawarden Airport,53.178101,-2.97778
CEI,Chiang Rai,TH,Mae Fah Luang - Chiang Rai International Airport,19.952299,99.882896
CEK,Chelyabinsk,RU,Kurchatov Chelyabinsk International Airport,55.303141,61.504927
CEN,Ciudad Obregón,MX,Ciudad Obregón International Airport,27.39259910583496,-109.83300018310547
CEQ,Cannes,FR,Cannes Mandelieu Airport,43.547998,6.955176
CER,Cherbourg,FR,Cherbourg Manche airport,49.650101,-1.47028
CEW,Crestview,US,Bob Sikes Airport,30.778799057,-86.522102356
CEZ,Cortez,US,Cortez Municipal Airport,37.303001,-108.627998
CFE,Clermont-Ferrand,FR,Clermont-Ferrand Auvergne airport,45.786701,3.16917
CFG,Cienfuegos,CU,Jaime Gonzalez Airport,22.149999618530273,-80.41419982910156
CFK,Chlef,DZ,Chlef Aboubakr Belkaid International Airport,36.216614,1.341114
CFN,Donegal,IE,Donegal Airport,55.0442008972168,-8.340999603271484
CFR,Caen,FR,Caen Carpiquet airport,49.17678,-0.454883
CFS,Coffs Harbour,AU,Coffs Harbour Airport,-30.320601,153.115997
CFU,Kerkyra (Corfu),GR,Corfu Ioannis Kapodistrias International Airport,39.60145,19.912179
CGB,Cuiabá,BR,Várzea Grande–Marechal Rondon International Airport,-15.6529,-56.116699
CGD,Changde (Dingcheng),CN,Changde Taohuayuan Airport,28.9189,111.639999
CGF,Cleveland,US,Cuyahoga County Airport,41.5651016235,-81.4863967896
CGH,São Paulo,BR,Congonhas–Deputado Freitas Nobre Airport,-23.627657,-46.654601
CGI,Cape Girardeau,US,Cape Girardeau Regional Airport,37.2253,-89.570801
CGJ,Chingola,ZM,Kasompe Airport,-12.5728,27.8939
CGK,Jakarta,ID,Soekarno-Hatta International Airport,-6.12557,106.655998
CGM,Mambajao,PH,Camiguin Airport,9.253894,124.709115
CGN,Köln (Cologne),DE,Cologne Bonn Airport,50.865898,7.14274
CGO,Zhengzhou,CN,Zhengzhou Xinzheng International Airport,34.526497,113.849165
CGP,Chattogram (Chittagong),BD,Shah Amanat International Airport,22.249599,91.813301
CGQ,Changchun,CN,Changchun Longjia International Airport,43.996201,125.684998
CGR,Campo Grande,BR,Campo Grande Airport,-20.469998,-54.673988
CGY,Laguindingan,PH,Laguindingan International Airport,8.612203,124.456496
CHA,Chattanooga,US,Chattanooga Metropolitan Airport (Lovell Field),35.035301,-85.203796
CHC,Christchurch,NZ,Christchurch International Airport,-43.489029,172.532065
CHG,"Shuangta, Chaoyang",CN,Chaoyang Airport,41.538101,120.434998
CHH,Chachapoyas,PE,Chachapoyas Airport,-6.201911,-77.856195
CHM,Chimbote,PE,FAP Lieutenant Jaime Andres de Montreuil Morales Airport,-9.14961,-78.523804
CHO,Charlottesville,US,Charlottesville Albemarle Airport,38.13859939575195,-78.4529037475586
CHQ,Souda,GR,Chania International Airport,35.531207,24.150673
CHR,Châteauroux,FR,Châteauroux Déols airport,46.860221,1.728326
CHS,Charleston,US,Charleston International Airport,32.896159,-80.038151
CHT,Te One,NZ,Inia William Tuuta Memorial Airport,-43.81189,-176.46514
CHX,Changuinola,PA,Changuinola Captain Manuel Niño International Airport,9.458962,-82.515062
CIA,Rome,IT,Ciampino–G. B. Pastine International Airport,41.798769,12.595331
CID,Cedar Rapids,US,The Eastern Iowa Airport,41.884701,-91.7108
CIF,Chifeng,CN,Chifeng Yulong Airport,42.159723,118.840971
CIJ,Cobija,BO,Capitán Aníbal Arab Airport,-11.039109,-68.782774
CIO,Concepción,PY,Lieutenant Colonel Carmelo Peralta National Airport,-23.441609,-57.427039
CIS,Abariringa,KI,Canton Island Airport,-2.7681200504300003,-171.710006714
CIT,Shymkent,KZ,Shymkent International Airport,42.365021,69.47564
CIU,Kincheloe,US,Chippewa County International Airport,46.242038,-84.462082
CIW,Canouan,VC,Canouan Airport,12.699,-61.3424
CIX,Chiclayo,PE,Capitán FAP José A. Quiñones González International Airport,-6.789223,-79.828254
CIY,Comiso,IT,Comiso Airport,36.99583,14.60889
CJA,Cajamarca,PE,Mayor General FAP Armando Revoredo Iglesias Airport,-7.13918,-78.489403
CJB,Coimbatore,IN,Coimbatore International Airport,11.03,77.043404
CJC,Calama,CL,El Loa Airport,-22.498199,-68.903603
CJJ,Cheongju,KR,Cheongju International Airport/Cheongju Air Base (K-59/G-513),36.71556,127.500289
CJL,Chitral,PK,Chitral Airport,35.886213,71.799922
CJM,Chumphon,TH,Chumphon Airport,10.7112,99.361702
CJS,Ciudad Juárez,MX,Abraham González International Airport,31.636673,-106.428533
CJU,Jeju City,KR,Jeju International Airport,33.512058,126.492548
CKB,Bridgeport,US,North Central West Virginia Airport,39.2966,-80.228104
CKC,Cherkasy,UA,Cherkasy International Airport,49.4156,31.9953
CKG,Chongqing,CN,Chongqing Jiangbei International Airport,29.712254,106.651895
CKH,Chokurdah,RU,Chokurdakh Airport,70.6231,147.901993
CKL,Moscow,RU,Chkalovskiy Air Base,55.8783,38.061699
CKS,Parauapebas,BR,Carajás Airport,-6.117841,-50.003372
CKT,Sarakhs,IR,Sarakhs Airport,36.501202,61.064899
CKY,Conakry,GN,Ahmed Sékou Touré International Airport,9.57689,-13.612
CKZ,Çanakkale,TR,Çanakkale Airport,40.1376991272,26.4267997742
CLD,Carlsbad,US,McClellan-Palomar Airport,33.1283,-117.279999
CLE,Cleveland,US,Cleveland Hopkins International Airport,41.411701,-81.8498
CLJ,Cluj-Napoca,RO,Avram Iancu Cluj International Airport,46.786042,23.685733
CLL,College Station,US,Easterwood Field,30.5886,-96.3638
CLM,Port Angeles,US,William R Fairchild International Airport,48.120201,-123.5
CLN,Carolina,BR,Brig. Lysias Augusto Rodrigues Airport,-7.32044,-47.458698
CLO,Cali,CO,Alfonso Bonilla Aragon International Airport,3.542717,-76.381898
CLQ,Colima,MX,Licenciado Miguel de la Madrid International Airport,19.277,-103.577002
CLT,Charlotte,US,Charlotte Douglas International Airport,35.2140007019043,-80.94309997558594
CLU,Columbus,US,Columbus Municipal Airport,39.262386,-85.895576
CLY,Calvi,FR,Calvi Sainte Catherine Airport,42.530422,8.792984
CLZ,Guarico,VE,Calabozo Airport,8.924656,-67.417091
CMA,Cunnamulla,AU,Cunnamulla Airport,-28.030000686645508,145.6219940185547
CMB,Colombo,LK,Bandaranaike International Colombo Airport,7.180759906768799,79.88410186767578
CMD,Cootamundra,AU,Cootamundra Airport,-34.624283,148.036641
CME,Ciudad del Carmen,MX,Ciudad del Carmen International Airport,18.651516,-91.799355
CMF,Chambéry,FR,Chambéry Aix les Bains airport,45.6381,5.88023
CMG,Corumbá,BR,Corumbá International Airport,-19.01193,-57.672772
CMH,Columbus,US,John Glenn Columbus International Airport,39.998001,-82.891899
CMI,Savoy,US,University of Illinois Willard Airport,40.039819,-88.276249
CMN,Casablanca,MA,Mohammed V International Airport,33.3675,-7.58997
CMQ,Clermont,AU,Clermont Airport,-22.7731,147.621002
CMR,Colmar,FR,Colmar Houssen airport,48.109901,7.35901
CMU,Kundiawa,PG,Chimbu Airport,-6.024290084838867,144.9709930419922
CMW,Camaguey,CU,Ignacio Agramonte International Airport,21.419909,-77.848039
CMX,Hancock,US,Houghton County Memorial Airport,47.168399810791016,-88.48909759521484
CNB,Coonamble,AU,Coonamble Airport,-30.980946,148.377833
CND,Constanța,RO,Mihail Kogălniceanu International Airport,44.362202,28.4883
CNF,Belo Horizonte,BR,Tancredo Neves International Airport,-19.63571,-43.966928
CNG,Cognac/Châteaubernard,FR,Cognac-Châteaubernard (BA 709) Air Base,45.658298,-0.3175
CNJ,Cloncurry,AU,Cloncurry Airport,-20.668600082399998,140.503997803
CNL,Sindal,DK,Sindal Airport,57.503502,10.2294
CNM,Carlsbad,US,Cavern City Air Terminal,32.337501525878906,-104.26300048828125
CNN,Kannur,IN,Kannur International Airport,11.916343,75.544979
CNP,Neerlerit Inaat,GL,Neerlerit Inaat Airport,70.743103,-22.650499
CNQ,Corrientes,AR,Corrientes Airport,-27.4455,-58.7619
CNR,Chañaral,CL,Chañaral Airport,-26.3325,-70.6073
CNS,Cairns,AU,Cairns International Airport,-16.878921,145.74948
CNU,Chanute,US,Chanute Martin Johnson Airport,37.668173,-95.486727
CNX,Chiang Mai,TH,Chiang Mai International Airport,18.766799926799997,98.962600708
CNY,Moab,US,Canyonlands Regional Airport,38.755001,-109.754997
COC,Concordia,AR,Comodoro Pierrestegui Airport,-31.2969,-57.9966
COD,Cody,US,Yellowstone Regional Airport,44.520199,-109.024002
COE,Coeur d'Alene,US,Coeur D'Alene Airport - Pappy Boyington Field,47.7743,-116.82
COF,Cocoa Beach,US,Patrick Space Force Base,28.2349,-80.6101
COJ,Coonabarabran,AU,Coonabarabran Airport,-31.3325,149.266998
COK,Kochi,IN,Cochin International Airport,10.151047,76.400838
CON,Concord,US,Concord Municipal Airport,43.20270157,-71.50229645
COO,Cotonou,BJ,Cotonou Cadjehoun International Airport,6.35723,2.38435
COQ,Choibalsan,MN,Choibalsan Airport,48.135381,114.647231
COR,Cordoba,AR,Ingeniero Aeronáutico Ambrosio L.V. Taravella International Airport,-31.312346,-64.208329
COS,Colorado Springs,US,City of Colorado Springs Municipal Airport,38.805801,-104.700996
COU,Columbia,US,Columbia Regional Airport,38.8181,-92.219597
COV,Tarsus,TR,Çukurova International Airport,36.891478,35.071235
CPC,Chapelco/San Martin de los Andes,AR,Aviador C. Campos Airport,-40.075401,-71.137299
CPD,Coober Pedy,AU,Coober Pedy Airport,-29.038312,134.722166
CPE,Campeche,MX,Ingeniero Alberto Acuña Ongay International Airport,19.815969,-90.500125
CPH,Copenhagen,DK,Copenhagen Kastrup Airport,55.617900848389,12.656000137329
CPO,Copiapo,CL,Desierto de Atacama Airport,-27.2612,-70.779198
CPR,Casper,US,Casper-Natrona County International Airport,42.907381,-106.461609
CPT,Cape Town,ZA,Cape Town International Airport,-33.97403,18.604333
CPV,Campina Grande,BR,Presidente João Suassuna Airport,-7.269662,-35.896057
CPX,Culebra,PR,Benjamin Rivera Noriega Airport,18.312954,-65.303893
CQD,Shahrekord,IR,Shahrekord Airport,32.2971992493,50.842201232899995
CQF,Calais,FR,Calais Marck Airport,50.962101,1.95476
CQM,Ciudad Real,ES,Ciudad Real International Airport,38.856479,-3.969944
CQW,Wulong,CN,Chongqing Xiannüshan Airport,29.465658,107.693664
CRA,Craiova,RO,Craiova International Airport,44.3181,23.888599
CRC,Cartago,CO,Santa Ana Airport,4.75818,-75.9557
CRD,Comodoro Rivadavia,AR,General Enrique Mosconi International Airport,-45.786941,-67.463355
CRE,North Myrtle Beach,US,Grand Strand Airport,33.8116989136,-78.72389984130001
CRG,Jacksonville,US,Jacksonville Executive at Craig Airport,30.3362998962,-81.51439666750001
CRI,Colonel Hill,BS,Colonel Hill Airport,22.7456,-74.182404
CRK,Mabalacat,PH,Clark International Airport / Clark Air Base,15.186,120.559998
CRL,Charleroi,BE,Brussels South Charleroi Airport,50.461963,4.459562
CRM,Catarman,PH,Catarman National Airport,12.50161,124.635258
CRP,Corpus Christi,US,Corpus Christi International Airport,27.770399,-97.501198
CRQ,Caravelas,BR,Caravelas Airport,-17.6523,-39.253101
CRV,Isola di Capo Rizzuto (KR),IT,Crotone Sant'Anna Pythagoras Airport,38.9972,17.0802
CRW,Charleston,US,Yeager Airport,38.3731,-81.593201
CRZ,Türkmenabat,TM,Türkmenabat International Airport,38.930662,63.563982
CSB,Caransebeş,RO,Caransebeş Airport,45.420142,22.252507
CSF,Creil,FR,Creil Air Base,49.253502,2.51914
CSG,Columbus,US,Columbus Airport,32.516415,-84.939602
CSK,Cap Skirring,SN,Cap Skirring Airport,12.39533,-16.748
CSN,Carson City,US,Carson Airport,39.194331,-119.734312
CSV,Crossville,US,Crossville Memorial Airport Whitson Field,35.95131,-85.08499
CSW,Cabo San Lucas,MX,Cabo San Lucas International Airport,22.949072,-109.939479
CSX,Changsha (Changsha),CN,Changsha Huanghua International Airport,28.189199,113.220001
CSY,Cheboksary,RU,Cheboksary Airport,56.090302,47.347301
CTA,Catania,IT,Catania-Fontanarossa Airport,37.466801,15.0664
CTB,Cut Bank,US,Cut Bank International Airport,48.608657,-112.378183
CTC,Catamarca,AR,Coronel Felipe Varela International Airport,-28.593117,-65.7512
CTD,Chitré,PA,Alonso Valderrama Airport,7.98784,-80.409837
CTG,Cartagena,CO,Rafael Nuñez International Airport,10.4424,-75.513
CTL,Charleville,AU,Charleville Airport,-26.4132995605,146.261993408
CTM,Chetumal,MX,Chetumal International Airport,18.504985,-88.328018
CTN,Cooktown,AU,Cooktown Airport,-15.443649,145.183221
CTS,Sapporo,JP,New Chitose Airport,42.774753,141.690414
CTT,"Le Castellet, Var",FR,Le Castellet Airport,43.252499,5.78519
CTU,Chengdu (Shuangliu),CN,Chengdu Shuangliu International Airport,30.558257,103.945966
CUB,Columbia,US,Jim Hamilton L.B. Owens Airport,33.970500946,-80.9952011108
CUC,Cúcuta,CO,Camilo Daza International Airport,7.92757,-72.5115
CUE,Cuenca,EC,Mariscal Lamar Airport,-2.88947,-78.984398
CUF,Levaldigi (CN),IT,Cuneo International Airport,44.547458,7.623045
CUK,Caye Caulker,BZ,Caye Caulker Airport,17.735015,-88.032862
CUL,Culiacán,MX,Bachigualato Federal International Airport,24.76504,-107.475228
CUM,Cumaná,VE,Antonio José de Sucre Airport,10.450333,-64.13047
CUN,Cancún,MX,Cancún International Airport,21.040817,-86.87347
CUP,Carúpano,VE,General Francisco Bermúdez Airport,10.660014,-63.261681
CUQ,Coen,AU,Coen Airport,-13.761133,143.113311
CUR,Willemstad,CW,Hato International Airport,12.1889,-68.959801
CUT,Cutral-Co,AR,Cutral-Co Airport,-38.939701,-69.264603
CUU,Chihuahua,MX,General Roberto Fierro Villalobos International Airport,28.702649,-105.963764
CUZ,Cusco,PE,Alejandro Velasco Astete International Airport,-13.535699844400002,-71.9387969971
CVC,Cleve,AU,Cleve Airport,-33.709702,136.505005
CVE,Coveñas,CO,Coveñas Airport,9.40092,-75.6913
CVG,Cincinnati / Covington,US,Cincinnati Northern Kentucky International Airport,39.048801,-84.667801
CVJ,Temixco,MX,General Mariano Matamoros International Airport,18.833922,-99.261818
CVM,Ciudad Victoria,MX,General Pedro Jose Mendez International Airport,23.7033,-98.956497
CVN,Clovis,US,Clovis Municipal Airport,34.426594,-103.078794
CVO,Corvallis,US,Corvallis Municipal Airport,44.49720001,-123.2900009
CVQ,Carnarvon,AU,Carnarvon Airport,-24.884337,113.666393
CVS,Clovis,US,Cannon Air Force Base,34.382801,-103.321999
CWA,Mosinee,US,Central Wisconsin Airport,44.777448,-89.670238
CWB,Curitiba,BR,Curitiba-Afonso Pena International Airport,-25.5285,-49.1758
CWC,Chernivtsi,UA,Chernivtsi International Airport,48.2593,25.980801
CWJ,Lincang (Cangyuan),CN,Cangyuan Washan Airport,23.276331,99.373169
CWL,Cardiff,GB,Cardiff International Airport,51.396702,-3.34333
CWT,Cowra,AU,Cowra Airport,-33.846894,148.648007
CWW,Corowa,AU,Corowa Airport,-35.994701,146.356995
CXA,Caicara del Orinoco,VE,Caicara del Orinoco Airport,7.62551,-66.162804
CXB,Cox's Bazar,BD,Cox's Bazar Airport,21.457517,91.963263
CXI,Kiritimati,KI,Cassidy International Airport,1.986278,-157.350011
CXJ,Caxias Do Sul,BR,Hugo Cantergiani Regional Airport,-29.197183,-51.187647
CXO,Houston,US,Conroe-North Houston Regional Airport,30.351801,-95.414497
CXP,Cilacap,ID,Tunggul Wulung Airport,-7.64506,109.033997
CXR,Nha Trang/nha Trang aiurportCam Ranh,VN,Cam Ranh International Airport / Cam Ranh Air Base,11.9982,109.219002
CYA,Les Cayes,HT,Antoine-Simon International Airport,18.271099,-73.7883
CYB,West End,KY,Charles Kirkconnell International Airport,19.687,-79.882797
CYC,Caye Chapel,BZ,Caye Chapel Airport,17.683792,-88.044985
CYG,Corryong,AU,Corryong Airport,-36.18280029296875,147.88800048828125
CYI,Shuishang,TW,Chiayi Airport,23.462577,120.390544
CYO,Cayo Largo del Sur,CU,Vilo Acuña International Airport,21.6165008545,-81.5459976196
CYP,Calbayog City,PH,Calbayog Airport,12.072574,124.54508
CYS,Cheyenne,US,Cheyenne Regional Jerry Olson Field,41.155701,-104.811997
CYW,Celaya,MX,Captain Rogelio Castillo National Airport,20.545998,-100.886539
CYX,Cherskiy,RU,Cherskiy Airport,68.740601,161.337997
CYZ,Cauayan City,PH,Cauayan Airport,16.9298992157,121.752998352
CZE,Coro,VE,José Leonardo Chirinos Airport,11.414944,-69.680901
CZF,Cape Romanzof,US,Cape Romanzof LRRS Airport,61.78030014,-166.0390015
CZH,Corozal,BZ,Corozal Airport,18.3822,-88.411903
CZL,Constantine,DZ,Mohamed Boudiaf International Airport,36.276001,6.62039
CZM,Cozumel,MX,Cozumel International Airport,20.514922,-86.928538
CZS,Cruzeiro Do Sul,BR,Cruzeiro do Sul Airport,-7.59991,-72.769501
CZU,Corozal,CO,Las Brujas Airport,9.33274,-75.2856
CZX,Changzhou,CN,Changzhou Benniu International Airport,31.920485,119.77546
DAA,Fort Belvoir,US,Davison Army Air Field,38.715000152600005,-77.1809997559
DAB,Daytona Beach,US,Daytona Beach International Airport,29.18255,-81.059464
DAC,Dhaka,BD,Hazrat Shahjalal International Airport,23.843347,90.397783
DAD,Da Nang,VN,Da Nang International Airport,16.0439,108.198997
DAG,Daggett,US,Barstow Daggett Airport,34.85369873,-116.7870026
DAL,Dallas,US,Dallas Love Field,32.844776,-96.847653
DAM,Damascus,SY,Damascus International Airport,33.4114990234375,36.51559829711914
DAN,Danville,US,Danville Regional Airport,36.572899,-79.336098
DAR,Dar es Salaam,TZ,Julius Nyerere International Airport,-6.873499,39.207288
DAT,Datong,CN,Datong Yungang International Airport,40.06139,113.480509
DAU,Daru,PG,Daru Airport,-9.08676,143.207993
DAV,David,PA,Enrique Malek International Airport,8.388983,-82.436425
DAY,Dayton,US,James M. Cox Dayton International Airport,39.902401,-84.219398
DBB,El Alamein,EG,El Alamein International Airport,30.924324,28.46161
DBC,Baicheng,CN,Baicheng Chang'an Airport,45.505278,123.019722
DBD,Dhanbad,IN,Dhanbad Airport,23.834,86.425301
DBO,Dubbo,AU,Dubbo City Regional Airport,-32.2167015076,148.574996948
DBQ,Dubuque,US,Dubuque Regional Airport,42.402,-90.709503
DBR,Darbhanga,IN,Darbhanga Airport,26.192801,85.916901
DBV,Dubrovnik,HR,Dubrovnik Ruđer Bošković Airport,42.562247,18.265543
DCA,Washington,US,Ronald Reagan Washington National Airport,38.8521,-77.037697
DCF,Canefield,DM,Canefield Airport,15.336693,-61.392108
DCI,Decimomannu,IT,Decimomannu Air Base,39.354198,8.97248
DCM,Castres,FR,Castres Mazamet Airport,43.556301,2.28918
DCN,Derby,AU,RAAF Base Curtin,-17.581389,123.828333
DCT,Duncan Town,BS,Duncan Town Airport,22.181801,-75.7295
DCY,Garzê (Daocheng),CN,Daocheng Yading Airport,29.31632,100.060317
DDC,Dodge City,US,Dodge City Regional Airport,37.76340103149414,-99.9655990600586
DDG,Dandong (Zhenxing),CN,Dandong Langtou International Airport,40.025453,124.28669
DDR,Xigazê (Dingri),CN,Shigatse Tingri Airport,28.604567,86.798
DEA,Dera Ghazi Khan,PK,Dera Ghazi Khan Airport,29.961000442504883,70.48590087890625
DEB,Debrecen,HU,Debrecen International Airport,47.489469,21.616278
DEC,Decatur,US,Decatur Airport,39.834598541259766,-88.8656997680664
DED,Dehradun (Jauligrant),IN,Dehradun Jolly Grant Airport,30.189243,78.176651
DEF,Dezful,IR,Dezful Airport,32.434399,48.397598
DEJ,Tongren,CN,Tongren Dejiang Airport (Under Construction),28.121,108.1631
DEL,New Delhi,IN,Indira Gandhi International Airport,28.55563,77.09519
DEN,Denver,US,Denver International Airport,39.860027,-104.673792
DET,Detroit,US,Coleman A. Young Municipal Airport,42.40919876,-83.00990295
DEZ,Deir ez-Zor,SY,Deir ez-Zor Airport,35.2854,40.175999
DFW,Dallas-Fort Worth,US,Dallas Fort Worth International Airport,32.896801,-97.038002
DGA,Dangriga,BZ,Dangriga Airport,16.98251,-88.230988
DGE,Mudgee,AU,Mudgee Airport,-32.564794,149.609452
DGO,Durango,MX,General Guadalupe Victoria International Airport,24.125468,-104.527938
DGT,Dumaguete City,PH,Sibulan Airport,9.334183,123.30191
DHA,Dhahran,SA,King Abdulaziz Air Base,26.2654,50.152
DHF,Al Dhafra Air Base,AE,Al Dhafra Air Base,24.248199462900004,54.547698974599996
DHH,Barkol,CN,Barkol Dahe Airport,43.756544,93.137164
DHM,Kangra,IN,Kangra Airport,32.164902,76.263018
DHN,Dothan,US,Dothan Regional Airport,31.321300506591797,-85.44960021972656
DHR,Den Helder,NL,De Kooy Airfield / Den Helder Naval Air Station,52.923401,4.78062
DHT,Dalhart,US,Dalhart Municipal Airport,36.0225982666,-102.54699707
DHX,Kediri,ID,Dhoho International Airport,-7.749527,111.946831
DIA,Doha,QA,Doha International Airport,25.259431,51.565528
DIB,Dibrugarh,IN,Dibrugarh Airport,27.4839000702,95.0168991089
DIE,Antisiranana,MG,Arrachart Airport,-12.3494,49.291698
DIG,Diqing (Shangri-La),CN,Diqing Shangri-La Airport,27.7936,99.6772
DIJ,Dijon,FR,Dijon Longvic airport,47.268902,5.09
DIK,Dickinson,US,Dickinson Theodore Roosevelt Regional Airport,46.797533,-102.801905
DIL,Dili,TL,Presidente Nicolau Lobato International Airport,-8.546562,125.524507
DIN,Dien Bien Phu,VN,Dien Bien Phu Airport,21.3974990845,103.008003235
DIR,Dire Dawa,ET,Aba Tenna Dejazmach Yilma International Airport,9.623549,41.855027
DIS,Dolisie,CG,Ngot Nzoungou Airport,-4.20635,12.6599
DIY,Diyarbakır,TR,Diyarbakır Airport,37.893902,40.201
DJE,Mellita,TN,Djerba Zarzis International Airport,33.873719,10.7773
DJG,Djanet,DZ,Tiska Djanet Airport,24.285448,9.463652
DJJ,Sentani,ID,Dortheys Hiyo Eluay International Airport,-2.579627,140.519857
DJO,Daloa,CI,Daloa Airport,6.79281,-6.47319
DJT,West Palm Beach,US,President Donald J. Trump International Airport,26.683201,-80.095596
DKA,Katsina,NG,Umaru Musa Yar'adua Airport,13.0078,7.66045
DKR,Dakar,SN,Léopold Sédar Senghor International Airport,14.742337,-17.479222
DKS,Dikson,RU,Dikson Airport,73.517807,80.379669
DLA,Douala,CM,Douala International Airport,4.00608,9.71948
DLC,Dalian (Ganjingzi),CN,Dalian Zhoushuizi International Airport,38.965719,121.538477
DLE,Dole,FR,Dole Tavaux Airport,47.038955,5.427589
DLF,Del Rio,US,Laughlin Air Force Base,29.359501,-100.778002
DLG,Dillingham,US,Dillingham Airport,59.04470062,-158.5050049
DLH,Duluth,US,Duluth International Airport,46.841873,-92.198746
DLI,Da Lat,VN,Lien Khuong Airport,11.750556,108.366997
DLM,Dalaman,TR,Dalaman International Airport,36.7131,28.7925
DLS,Dallesport / The Dalles,US,Columbia Gorge Regional Airport,45.620979,-121.170777
DLU,Dali (Xiaguan),CN,Dali Fengyi Airport,25.649401,100.319
DLZ,Dalanzadgad,MN,Dalanzadgad Airport,43.608628,104.367734
DMA,Tucson,US,Davis Monthan Air Force Base,32.1665000916,-110.883003235
DMB,Taraz,KZ,Taraz International Airport,42.8536,71.303596
DME,Moscow,RU,Domodedovo International Airport,55.408798,37.9063
DMK,Bangkok,TH,Don Mueang International Airport,13.9126,100.607002
DMM,Ad Dammam,SA,King Fahd International Airport,26.4691,49.798209
DMN,Deming,US,Deming Municipal Airport,32.262298584,-107.721000671
DMU,Dimapur,IN,Dimapur Airport,25.883899688699998,93.77110290530001
DNA,Okinawa,JP,Kadena Air Base,26.351667,127.769444
DND,Dundee,GB,Dundee Airport,56.452499,-3.02583
DNH,Dunhuang,CN,Dunhuang Mogao International Airport,40.161953,94.812827
DNK,Dnipro,UA,Dnipro International Airport,48.357201,35.100601
DNL,Augusta,US,Daniel Field,33.4664993286,-82.0393981934
DNQ,Deniliquin,AU,Deniliquin Airport,-35.5593986511,144.945999146
DNR,Dinard,FR,Dinard Pleurtuit Saint-Malo airport,48.5877,-2.07996
DNZ,Denizli,TR,Çardak Airport,37.7855987549,29.7012996674
DOD,Dodoma,TZ,Dodoma Airport,-6.170559,35.756036
DOG,Dongola,SD,Dongola Airport,19.153666,30.430069
DOH,Doha,QA,Hamad International Airport,25.273056,51.608056
DOL,Deauville,FR,Deauville Normandie airport,49.365237,0.154481
DOM,Marigot,DM,Douglas-Charles Airport,15.546673,-61.301082
DOV,Dover,US,Dover Civil Air Terminal/Dover Air Force Base,39.129501,-75.466003
DOY,Dongying (Kenli),CN,Dongying Shengli Airport,37.50137,118.789863
DPA,Chicago/West Chicago,US,Dupage Airport,41.90779877,-88.24859619
DPL,Dipolog,PH,Dipolog Airport,8.601983,123.341875
DPO,Devonport,AU,Devonport Airport,-41.1697006226,146.429992676
DPS,"Kuta, Badung",ID,Denpasar I Gusti Ngurah Rai International Airport,-8.748409,115.167123
DQM,Duqm,OM,Duqm International Airport,19.501944,57.634167
DRA,Mercury,US,Desert Rock Airport,36.6194,-116.032997
DRB,Derby,AU,Derby Airport,-17.37193,123.66221
DRG,Deering,US,Deering Airport,66.068901,-162.766914
DRI,DeRidder,US,Beauregard Regional Airport,30.831699,-93.339897
DRN,Dirranbandi,AU,Dirranbandi Airport,-28.587912,148.217161
DRO,Durango,US,Durango La Plata County Airport,37.151501,-107.753998
DRP,Legazpi,PH,Bicol International Airport,13.111915,123.676829
DRS,Dresden,DE,Dresden Airport,51.134123,13.767831
DRT,Del Rio,US,Del Rio International Airport,29.3742008209,-100.927001953
DRW,Darwin,AU,Darwin International Airport / RAAF Darwin,-12.41497,130.88185
DSI,Destin,US,Destin Executive Airport,30.400101,-86.471497
DSK,Dera Ismael Khan,PK,Dera Ismael Khan Airport [IN-ACTIVE],31.909401,70.896599
DSM,Des Moines,US,Des Moines International Airport,41.534027,-93.656719
DSN,Ordos,CN,Ordos Ejin Horo International Airport,39.493514,109.8599
DSO,Sŏndŏng-ni,KP,Sondok Airport,39.745201,127.473999
DSS,Dakar,SN,Blaise Diagne International Airport,14.670878,-17.072829
DSY,Ta Noun,KH,Dara Sakor International Airport,10.914244,103.226652
DTE,Daet,PH,Daet Airport,14.1292,122.980003
DTM,Dortmund,DE,Dortmund Airport,51.518299,7.61224
DTU,Heihe,CN,Wudalianchi Dedu Airport,48.441037,126.128374
DTW,Detroit,US,Detroit Metropolitan Wayne County Airport,42.21377,-83.353786
DUA,Durant,US,Durant Regional Airport - Eaker Field,33.939675,-96.395072
DUB,Dublin,IE,Dublin Airport,53.428713,-6.262121
DUD,Dunedin,NZ,Dunedin International Airport,-45.929017,170.197758
DUE,Chitato,AO,Dundo Airport,-7.400889873504639,20.818500518798828
DUG,Douglas Bisbee,US,Bisbee Douglas International Airport,31.464139,-109.60456
DUJ,Dubois,US,DuBois Regional Airport,41.17829895,-78.8986969
DUM,Dumai,ID,Pinang Kampai Airport,1.609026,101.433493
DUR,Durban,ZA,King Shaka International Airport,-29.6144444444,31.1197222222
DUS,Düsseldorf,DE,Düsseldorf Airport,51.289501,6.76678
DUT,Unalaska,US,Tom Madsen (Dutch Harbor) Airport,53.89881,-166.544996
DVL,Devils Lake,US,Devils Lake Regional Airport,48.115454,-98.908796
DVO,Davao,PH,Francisco Bangoy International Airport,7.12552,125.646004
DWA,Dwangwa,MW,Dwangwa Airport,-12.517527,34.131877
DWC,Dubai(Jebel Ali),AE,Al Maktoum International Airport,24.896171,55.16235
DWD,Dawadmi,SA,Dawadmi Domestic Airport,24.4499,44.121201
DXB,Dubai,AE,Dubai International Airport,25.24979,55.370992
DXN,Gautam Buddha Nagar,IN,Noida International Airport,28.179868,77.611843
DXR,Danbury,US,Danbury Municipal Airport,41.371656,-73.482227
DYA,Dysart,AU,Dysart Airport,-22.6222,148.363998
DYG,Zhangjiajie (Yongding),CN,Zhangjiajie Hehua International Airport,29.104749,110.442786
DYR,Anadyr,RU,Ugolny Yuri Ryktheu Airport,64.734902,177.740997
DYS,Abilene,US,Dyess Air Force Base,32.420799,-99.854599
DYU,Dushanbe,TJ,Dushanbe International Airport,38.543746,68.822977
DZA,Dzaoudzi,YT,Dzaoudzi Pamandzi International Airport,-12.809319,45.281815
DZH,Dazhou (Dachuan),CN,Dazhou Jinya Airport,31.048815,107.435646
DZN,Zhezkazgan,KZ,Zhezkazgan National Airport,47.708953,67.738094
DZO,Durazno,UY,Santa Bernardina International Airport,-33.358898,-56.499199
EAM,Najran,SA,Najran Domestic Airport,17.611401,44.419201
EAR,Kearney,US,Kearney Regional Airport,40.727001,-99.006798
EAS,Hondarribia,ES,San Sebastián Airport,43.356499,-1.79061
EAT,Wenatchee,US,Pangborn Memorial Airport,47.398899,-120.207001
EAU,Eau Claire,US,Chippewa Valley Regional Airport,44.86579895019531,-91.48429870605469
EBA,Campo nell'Elba (LI),IT,Marina di Campo Airport,42.760871,10.239811
EBB,Entebbe,UG,Entebbe International Airport,0.042386,32.443501
EBD,El-Obeid,SD,El-Obeid Airport,13.1532,30.2327
EBG,El Bagre,CO,El Bagre Airport,7.59647,-74.8089
EBJ,Esbjerg,DK,Esbjerg Airport,55.525902,8.5534
EBL,Arbil,IQ,Erbil International Airport,36.236047,43.946615
EBM,El Borma,TN,El Borma Airport,31.7043,9.25462
EBU,"Andrézieux-Bouthéon, Loire",FR,Saint-Étienne-Bouthéon Airport,45.5406,4.29639
ECG,Elizabeth City,US,Elizabeth City Regional Airport & Coast Guard Air Station,36.260601,-76.174599
ECH,Echuca,AU,Echuca Airport,-36.15719985961914,144.76199340820312
ECN,Tymbou (Kirklar),CY,Ercan International Airport,35.153064,33.507352
ECP,Panama City Beach,US,Northwest Florida Beaches International Airport,30.357106,-85.795414
EDF,Anchorage,US,Elmendorf Air Force Base,61.251709,-149.807097
EDI,"Ingliston, Edinburgh",GB,Edinburgh Airport,55.950145,-3.372288
EDL,Eldoret,KE,Eldoret International Airport,0.404458,35.238899
EDM,La Roche-sur-Yon,FR,La Roche-sur-Yon Les Ajoncs Airport,46.7019,-1.37863
EDO,Edremit,TR,Balıkesir Koca Seyit Airport,39.552533,27.010192
EDW,Edwards,US,Edwards Air Force Base,34.910781,-117.886391
EEA,Correia Pinto,BR,Planalto Serrano Regional Airport,-27.634128,-50.358253
EED,Needles,US,Needles Airport,34.7663002014,-114.623001099
EEN,Keene,US,Dillant Hopkins Airport,42.898399,-72.270798
EES,Berenice Troglodytica,EG,Berenice International Airport / Banas Cape Air Base,23.980437,35.460277
EFD,Houston,US,Ellington Airport,29.607299804700002,-95.1587982178
EFL,Kefallinia Island,GR,Kefallinia Airport,38.12009811401367,20.500499725341797
EGC,Bergerac,FR,Bergerac Dordogne-Périgord airport,44.825298,0.518611
EGE,Eagle,US,Eagle County Regional Airport,39.64260101,-106.9179993
EGH,El Jora,EG,El Jora Airport,31.078138,34.153131
EGI,Crestview,US,Duke Field,30.65040016,-86.52290344
EGO,Belgorod,RU,Belgorod International Airport,50.643799,36.590099
EGS,Egilsstaðir,IS,Egilsstaðir Airport,65.2833023071289,-14.401399612426758
EGX,Egegik,US,Egegik Airport,58.184386,-157.374873
EHL,El Bolsón,AR,El Bolsón Airfield,-41.943199,-71.532303
EHM,Cape Newenham,US,Cape Newenham LRRS Airport,58.646400451699996,-162.06300354
EHU,Ezhou,CN,Ezhou Huahu International Airport,30.341178,115.03926
EIB,Hörselberg-Hainich,DE,Eisenach-Kindel Airport,50.991604,10.47973
EIE,Yeniseysk,RU,Yeniseysk Airport,58.474201,92.112503
EIK,Yeysk,RU,Yeysk Airport,46.68,38.21
EIL,Fairbanks,US,Eielson Air Force Base,64.66570282,-147.102005
EIN,Eindhoven,NL,Eindhoven Airport,51.4500999451,5.37452983856
EIS,Beef Island,VG,Terrance B. Lettsome International Airport,18.445492,-64.541707
EJA,Barrancabermeja,CO,Yariguíes Airport,7.02433,-73.8068
EJH,Al Wajh,SA,Al Wajh Domestic Airport,26.198601,36.476398
EKA,Eureka,US,Murray Field,40.803398,-124.112999
EKB,Ekibastuz,KZ,Ekibastuz Airport,51.590999603271484,75.21499633789062
EKN,Elkins,US,Elkins-Randolph County Regional Airport,38.889759,-79.857651
EKO,Elko,US,Elko Regional Airport,40.82490158081055,-115.79199981689453
EKT,Eskilstuna,SE,Eskilstuna Airport,59.351101,16.708401
ELB,El Banco,CO,Las Flores Airport,9.04554,-73.9749
ELC,Elcho Island,AU,Elcho Island Airport,-12.019399642899998,135.570999146
ELD,El Dorado,US,South Arkansas Regional Airport at Goodwin Field,33.221001,-92.813301
ELF,El Fasher,SD,El Fasher Airport,13.614899635314941,25.324600219726562
ELG,El Menia,DZ,El Golea Airport,30.580732,2.861595
ELH,North Eleuthera,BS,North Eleuthera Airport,25.475823,-76.680784
ELM,Elmira/Corning,US,Elmira Corning Regional Airport,42.1599006652832,-76.8916015625
ELP,El Paso,US,El Paso International Airport,31.809908,-106.375607
ELQ,Qassim,SA,Prince Naif bin Abdulaziz International Airport,26.302799,43.774399
ELS,East London,ZA,King Phalo Airport,-33.035599,27.825899
ELU,Guemar,DZ,Guemar Airport - مطار قمار بالوادي,33.511398,6.77679
ELY,Ely,US,Ely Airport Yelland Field,39.29970169,-114.8420029
EMA,"Nottingham, Leicestershire",GB,East Midlands Airport,52.8311,-1.32806
EMD,Emerald,AU,Emerald Airport,-23.5674991608,148.179000854
EMK,Emmonak,US,Emmonak Airport,62.78609848,-164.4909973
EML,Emmen,CH,Emmen Air Base,47.092444,8.305184
ENA,Kenai,US,Kenai Municipal Airport,60.570946,-151.245174
ENC,"Tomblaine, Meurthe-et-Moselle",FR,Nancy-Essey Airport,48.692101,6.23046
END,Enid,US,Vance Air Force Base,36.339199,-97.916496
ENF,Enontekio,FI,Enontekio Airport,68.362602233887,23.424299240112
ENH,Enshi (Enshi),CN,Enshi Xujiaping Airport,30.320299,109.485001
ENK,"Enniskillen, Fermanagh and Omagh",GB,Enniskillen/St Angelo Airport,54.398274,-7.651179
ENN,Nenana,US,Nenana Municipal Airport,64.548772,-149.074516
ENO,Encarnación,PY,Teniente Ramon A. Ayub Gonzalez International Airport,-27.227537,-55.837584
ENS,Enschede,NL,Twente Airport,52.275833,6.889167
ENU,Enegu,NG,Akanu Ibiam International Airport,6.473718,7.560463
ENV,Wendover,US,Wendover Airport,40.7187004089,-114.03099823
ENW,Kenosha,US,Kenosha Regional Airport,42.59569931,-87.92780304
ENY,Yan'an (Baota),CN,Yan'an Nanniwan Airport,36.479413,109.464083
EOH,Medellín,CO,Enrique Olaya Herrera Airport,6.219686,-75.590597
EOI,Eday,GB,Eday Airport,59.19060134887695,-2.7722198963165283
EOR,Bolivar,VE,El Dorado Airport,6.71573,-61.638786
EOZ,Elorza,VE,Elorza Airport,7.059677,-69.4967
EPA,El Palomar,AR,El Palomar Airport,-34.6099,-58.6126
EPL,Épinal,FR,Épinal Mirecourt Airport,48.325001,6.06998
EPR,Esperance,AU,Esperance Airport,-33.684399,121.822998
EPU,Pärnu,EE,Pärnu Airport,58.41899871826172,24.47279930114746
EQS,Esquel,AR,Esquel Brigadier Antonio Parodi International Airport,-42.908001,-71.139503
ERC,Erzincan,TR,Erzincan Airport,39.7102012634,39.527000427199994
ERD,Berdyansk,UA,Berdyansk Airport,46.814999,36.758099
ERF,Erfurt,DE,Erfurt-Weimar Airport,50.978281,10.960713
ERH,Errachidia,MA,Moulay Ali Cherif Airport,31.9475002289,-4.39833021164
ERI,Erie,US,Erie International Tom Ridge Field,42.083127,-80.173867
ERL,Erenhot,CN,Erenhot Saiwusu International Airport,43.424079,112.091081
ERS,Windhoek,NA,Eros Airport,-22.60492,17.079002
ERZ,Erzurum,TR,Erzurum International Airport,39.956501,41.1702
ESB,Ankara,TR,Esenboğa International Airport,40.128101,32.995098
ESC,Escanaba,US,Delta County Airport,45.723199,-87.088623
ESD,Eastsound,US,Orcas Island Airport,48.708199,-122.910004
ESE,Ensenada,MX,Ensenada International Airport / El Ciprés Air Base,31.794516,-116.602384
ESF,Alexandria,US,Esler Army Airfield / Esler Regional Airport,31.394266,-92.294082
ESG,Mariscal Estigarribia,PY,Dr. Luis María Argaña International Airport,-22.046499,-60.6217
ESH,"Brighton, East Sussex",GB,Brighton City Airport,50.835602,-0.297222
ESK,Eskişehir,TR,Eskişehir Air Base,39.7841,30.5821
ESL,Elista,RU,Elista Airport,46.373901,44.330898
ESM,Tachina,EC,Carlos Concha Torres International Airport,0.978519,-79.626602
ESR,El Salvador,CL,Ricardo García Posada Airport,-26.3111,-69.765198
ESU,Essaouira,MA,Essaouira-Mogador Airport,31.397499,-9.68167
ETM,Eilat,IL,Ramon International Airport,29.727009,35.014116
ETR,Santa Rosa,EC,Santa Rosa - Artillery Colonel Victor Larrea International Airport,-3.441986,-79.996957
ETZ,Goin,FR,Metz-Nancy-Lorraine Airport,48.982101,6.25132
EUG,Eugene,US,Eugene Airport,44.124599,-123.211998
EUN,El Aaiún,EH,Laayoune Hassan I International Airport,27.142467,-13.224947
EUQ,San Jose,PH,Evelio Javier Airport,10.766644,121.932506
EUX,Oranjestad,BQ,F. D. Roosevelt Airport,17.4965,-62.979401
EVE,Evenes,NO,Harstad/Narvik Airport,68.491302,16.678101
EVN,Yerevan,AM,Zvartnots International Airport,40.148941,44.397887
EVV,Evansville,US,Evansville Regional Airport,38.0369987488,-87.5324020386
EVW,Evanston,US,Evanston-Uinta County Airport-Burns Field,41.27479935,-111.0350037
EVX,"Fauville, Eure",FR,Évreux-Fauville (BA 105) Air Base,49.028702,1.21986
EWB,New Bedford,US,New Bedford Regional Airport,41.67610168457031,-70.95690155029297
EWN,New Bern,US,Coastal Carolina Regional Airport,35.0730018616,-77.04290008539999
EWR,Newark,US,Newark Liberty International Airport,40.6894,-74.170545
EXT,"Exeter, Devon",GB,Exeter International Airport,50.734261,-3.413984
EYK,Beloyarskiy,RU,Beloyarskiy Airport,63.686901,66.698601
EYP,Yopal,CO,El Alcaravan - Yopal Airport,5.31911,-72.384
EYW,Key West,US,Key West International Airport,24.556119,-81.759579
EZE,Buenos Aires (Ezeiza),AR,Ezeiza International Airport - Ministro Pistarini,-34.8222,-58.5358
EZS,Elazığ,TR,Elazığ Airport,38.597974,39.28348
EZV,Berezovo,RU,Berezovo Airport,63.92100143432617,65.03050231933594
FAB,"Farnborough, Hampshire",GB,Farnborough Airport,51.275799,-0.776333
FAE,Vágar,FO,Vágar Airport,62.063256,-7.275782
FAF,Newport News (Fort Eustis),US,Felker Army Air Field,37.1325,-76.608803
FAI,Fairbanks,US,Fairbanks International Airport,64.815102,-147.856003
FAO,Faro,PT,Faro - Gago Coutinho International Airport,37.015909,-7.970939
FAR,Fargo,US,Hector International Airport,46.9207,-96.815804
FAT,Fresno,US,Fresno Yosemite International Airport,36.775767,-119.718018
FAV,Fakarava,PF,Fakarava Airport,-16.054100036621094,-145.65699768066406
FAY,Fayetteville,US,Fayetteville Regional Airport - Grannis Field,34.991199,-78.880302
FAZ,Fasa,IR,Fasa Airport,28.8918,53.723301
FBG,Fort Bragg,US,Simmons Army Air Field,35.13180161,-78.93669891
FBK,Fairbanks,US,Ladd Army Airfield,64.837502,-147.613998
FBM,Lubumbashi,CD,Lubumbashi International Airport,-11.591494,27.530753
FCA,Kalispell,US,Glacier Park International Airport,48.310501,-114.255997
FCB,Ficksburg,ZA,Ficksburg Sentraoes Airport,-28.82309913635254,27.908899307250977
FCN,Wurster Nordseeküste,DE,Sea-Airport Cuxhaven/Nordholz / Nordholz Naval Airbase,53.767689,8.659201
FCO,Rome,IT,Rome–Fiumicino Leonardo da Vinci International Airport,41.804532,12.251998
FCS,Fort Carson,US,Butts AAF (Fort Carson) Air Field,38.67839813,-104.7570038
FDF,Fort-de-France,MQ,Martinique Aimé Césaire International Airport,14.591,-61.003201
FDH,Friedrichshafen,DE,Bodensee Airport Friedrichshafen,47.671299,9.51149
FDU,Bandundu,CD,Bandundu Airport,-3.31132,17.381701
FDY,Findlay,US,Findlay Airport,41.013500213600004,-83.66870117190001
FEC,Feira de Santana,BR,João Durval Carneiro Airport,-12.200694,-38.906164
FEG,Fergana,UZ,Fergana International Airport,40.358799,71.745003
FEN,Fernando de Noronha,BR,Fernando de Noronha Airport,-3.854534,-32.423017
FEZ,Saïss,MA,Fes Saïss International Airport,33.927299,-4.97796
FFD,"Fairford, Gloucestershire",GB,RAF Fairford,51.683568,-1.789172
FFO,Dayton,US,Wright-Patterson Air Force Base,39.826099,-84.048302
FGU,Fangatau,PF,Fangatau Airport,-15.820044,-140.888071
FHU,Fort Huachuca / Sierra Vista,US,Sierra Vista Municipal Airport / Libby Army Air Field,31.587383,-110.348225
FIH,Kinshasa,CD,Ndjili International Airport,-4.38575,15.4446
FIZ,Fitzroy Crossing,AU,Fitzroy Crossing Airport,-18.183596,125.559783
FJR,Fujairah,AE,Fujairah International Airport,25.108411,56.328061
FKB,Rheinmünster,DE,Karlsruhe Baden-Baden Airport,48.7794,8.0805
FKI,Kisangani,CD,Bangoka International Airport,0.481639,25.337999
FKJ,Fukui,JP,Fukui Airport,36.142799,136.223999
FKL,Franklin,US,Venango Regional Airport,41.3778991699,-79.8603973389
FKQ,Fakfak,ID,Fakfak Airport,-2.920508,132.267011
FKS,Sukagawa,JP,Fukushima Airport,37.22740173339844,140.43099975585938
FLA,Florencia,CO,Gustavo Artunduaga Paredes Airport,1.58919,-75.5644
FLG,Flagstaff,US,Flagstaff Pulliam Airport,35.139757,-111.669826
FLL,Fort Lauderdale,US,Fort Lauderdale Hollywood International Airport,26.072599,-80.152702
FLN,Florianópolis,BR,Hercílio Luz International Airport,-27.670279,-48.552502
FLO,Florence,US,Florence Regional Airport,34.18539810180664,-79.7238998413086
FLR,Firenze (FI),IT,"Florence Airport, Peretola",43.808558,11.202822
FLW,Santa Cruz das Flores,PT,Flores Airport,39.455299377441406,-31.131399154663086
FLZ,Sibolga (Pinangsori),ID,Dr. Ferdinand Lumban Tobing Airport,1.557127,98.887145
FMA,Formosa,AR,Formosa National Airport,-26.2127,-58.2281
FME,Fort Meade(Odenton),US,Fort Meade Executive Airport,39.0854,-76.759399
FMI,Kalemie,CD,Kalemie Airport,-5.87556,29.25
FMM,Memmingen,DE,Memmingen Allgau Airport,47.988092,10.238248
FMN,Farmington,US,Four Corners Regional Airport,36.741199,-108.230003
FMO,Greven,DE,Münster Osnabrück Airport,52.133816,7.688482
FMY,Fort Myers,US,Page Field,26.58659935,-81.86329650879999
FNA,Freetown (Lungi-Town),SL,Lungi International Airport,8.61644,-13.1955
FNB,Trollenhagen,DE,Neubrandenburg Trollenhagen Airport,53.6022,13.306
FNC,Funchal,PT,Cristiano Ronaldo International Airport,32.697812,-16.774613
FNI,Nîmes/Garons,FR,Nîmes-Arles-Camargue Airport,43.757401,4.41635
FNJ,Pyongyang,KP,Pyongyang Sunan International Airport,39.224098,125.669998
FNL,Loveland,US,Northern Colorado Regional Airport,40.44969,-105.011272
FNT,Flint,US,Bishop International Airport,42.969294,-83.743355
FOC,Fuzhou (Changle),CN,Fuzhou Changle International Airport,25.929254,119.672524
FOD,Fort Dodge,US,Fort Dodge Regional Airport,42.552624,-94.191237
FOE,Topeka,US,Topeka Regional Airport,38.950901,-95.663597
FOG,Foggia (FG),IT,Foggia Gino Lisa Airport,41.433596,15.534566
FOM,Foumban,CM,Foumban Nkounja Airport,5.63692,10.7508
FON,La Fortuna,CR,La Fortuna Arenal Airport,10.469311,-84.579073
FOR,Fortaleza,BR,Pinto Martins International Airport,-3.775833,-38.532222
FOS,Forrest,AU,Forrest Airport,-30.83662,128.112811
FPO,Freeport,BS,Grand Bahama International Airport,26.557996,-78.695583
FPR,Fort Pierce,US,Treasure Coast International Airport,27.4951,-80.368301
FRA,Frankfurt am Main,DE,Frankfurt Main Airport,50.026706,8.55835
FRB,Forbes,AU,Forbes Airport,-33.363602,147.934998
FRD,Friday Harbor,US,Friday Harbor Airport,48.523654,-123.024645
FRG,East Farmingdale,US,Republic Airport,40.728576,-73.414267
FRI,Fort Riley (Junction City),US,Marshall Army Air Field,39.053021,-96.764202
FRL,Forlì (FC),IT,Forlì-Luigi Ridolfi International Airport,44.194801,12.0701
FRO,Florø,NO,Florø Airport,61.583599090576,5.0247201919556
FRS,San Benito,GT,Mundo Maya International Airport,16.913707,-89.866143
FRW,Francistown,BW,Phillip Gaonwe Matante International Airport,-21.159183,27.468826
FRZ,Fritzlar,DE,Fritzlar Army Airfield,51.1146,9.286
FSC,Figari,FR,Figari Sud-Corse Airport,41.50185,9.097092
FSD,Sioux Falls,US,Sioux Falls Regional Airport,43.585463,-96.741152
FSI,Fort Sill,US,Henry Post Army Air Field,34.649799,-98.402199
FSM,Fort Smith,US,Fort Smith Regional Airport,35.336601,-94.367401
FSP,Saint-Pierre,PM,Saint-Pierre Pointe-Blanche Airport,46.762651,-56.17499
FST,Fort Stockton,US,Fort Stockton Pecos County Airport,30.9157009125,-102.916000366
FSZ,Makinohara / Shimada,JP,Mount Fuji Shizuoka Airport,34.795022,138.190976
FTE,El Calafate,AR,El Calafate - Commander Armando Tola International Airport,-50.280267,-72.053401
FTK,Fort Knox,US,Godman Army Air Field,37.907100677500004,-85.9720993042
FTU,Tôlanaro,MG,Tôlanaro Airport,-25.038099,46.9561
FTW,Fort Worth,US,Fort Worth Meacham International Airport,32.819919,-97.360818
FTX,Owando,CG,Owando Airport,-0.524566,15.93782
FTY,Atlanta,US,Fulton County Airport Brown Field,33.7790985107,-84.5214004517
FUE,El Matorral,ES,Fuerteventura Airport,28.4527,-13.8638
FUG,"Yingzhou, Fuyang",CN,Fuyang Xiguan Airport,32.882157,115.734364
FUJ,Goto,JP,Fukue Airport,32.666302,128.832993
FUK,Fukuoka,JP,Fukuoka Airport,33.585899353027344,130.4510040283203
FUN,Funafuti,TV,Funafuti International Airport,-8.523885,179.196976
FUO,Foshan (Nanhai),CN,Foshan Shadi Airport,23.0825,113.070833
FWA,Fort Wayne,US,Fort Wayne International Airport,40.978896,-85.194465
FWH,Fort Worth,US,NAS Fort Worth JRB / Carswell Field,32.769199,-97.441498
FXE,Fort Lauderdale,US,Fort Lauderdale Executive Airport,26.1972999573,-80.1707000732
FYJ,Fuyuan,CN,Fuyuan Dongji Airport,48.197219,134.36298
FYN,Fuyun,CN,Fuyun Koktokay Airport,46.804169,89.512006
FYT,Faya-Largeau,TD,Faya-Largeau Airport,17.917101,19.111099
FYU,Fort Yukon,US,Fort Yukon Airport,66.571651,-145.249987
FYV,Fayetteville,US,Drake Field,36.00510025024414,-94.17009735107422
GAE,Gabès,TN,Gabès Matmata International Airport,33.733691,9.91941
GAF,Gafsa,TN,Gafsa Ksar International Airport,34.422001,8.8225
GAJ,Higashine,JP,Yamagata Airport,38.4119,140.371002
GAL,Galena,US,Edward G. Pitka Sr Airport,64.736198,-156.936997
GAM,Gambell,US,Gambell Airport,63.767694,-171.733303
GAN,Gan,MV,Gan International Airport,-0.692975,73.152627
GAO,Guantánamo,CU,Mariana Grajales Airport,20.0853,-75.158302
GAQ,Gao,ML,Gao International Airport,16.248466,-0.005389
GAU,Guwahati,IN,Lokpriya Gopinath Bordoloi International Airport,26.106654,91.585226
GAY,Gaya,IN,Gaya Airport,24.744301,84.951202
GBB,Gabala,AZ,Gabala International Airport,40.808617,47.725389
GBE,Gaborone,BW,Sir Seretse Khama International Airport,-24.555201,25.9182
GBJ,Grand-Bourg,GP,Marie-Galante Airport,15.868925,-61.270087
GBT,Gorgan,IR,Gorgan Airport,36.909400939899996,54.4012985229
GCC,Gillette,US,Northeast Wyoming Regional Airport,44.3489,-105.539001
GCH,Gachsaran,IR,Gachsaran Airport,30.333869,50.833796
GCI,Saint Peter Port,GG,Guernsey Airport,49.435001,-2.60197
GCJ,Midrand,ZA,Grand Central Airport,-25.986299514799995,28.1401004791
GCK,Garden City,US,Garden City Regional Airport,37.9275016785,-100.723999023
GCM,George Town,KY,Owen Roberts International Airport,19.292801,-81.357697
GCN,Grand Canyon - Tusayan,US,Grand Canyon National Park Airport,35.9524,-112.147003
GDB,Gondia,IN,Gondia Airport,21.526817,80.290347
GDE,Gode,ET,Gode Airport,5.93513011932,43.5786018372
GDL,Guadalajara,MX,Guadalajara International Airport,20.523342,-103.310108
GDN,Gdańsk,PL,Gdańsk Lech Wałęsa Airport,54.377602,18.4662
GDO,Guasdualito,VE,Guasdualito Airport,7.210834,-70.756386
GDQ,Azezo,ET,Gondar Airport,12.5199,37.433998
GDT,Cockburn Town,TC,JAGS McCartney International Airport,21.4445,-71.142303
GDV,Glendive,US,Dawson Community Airport,47.137658,-104.80691
GDX,Magadan,RU,Sokol Airport,59.9109992980957,150.72000122070312
GDZ,Gelendzhik,RU,Gelendzhik Airport,44.5820926295,38.0124807358
GEA,Nouméa,NC,Nouméa Magenta Airport,-22.257706,166.472822
GEC,Lefkoniko (Geçitkale),CY,Geçitkale Airbase,35.23591,33.720088
GEG,Spokane,US,Spokane International Airport,47.6199,-117.533997
GEL,Santo Ângelo,BR,Santo Ângelo Airport,-28.282503,-54.169623
GEM,Mengomeyén,GQ,President Obiang Nguema International Airport,1.676437,11.024904
GEO,Georgetown,GY,Cheddi Jagan International Airport,6.49855,-58.254101
GER,Nueva Gerona,CU,Rafael Cabrera Airport,21.834699630737305,-82.78379821777344
GES,General Santos,PH,General Santos International Airport,6.057208,125.096243
GET,Moonyoonooka,AU,Geraldton Airport,-28.796101,114.707001
GEV,Gällivare,SE,Gällivare Airport,67.13240051269531,20.814599990844727
GFF,Griffith,AU,Griffith Airport,-34.2508010864,146.067001343
GFK,Grand Forks,US,Grand Forks International Airport,47.949299,-97.176102
GFL,Glens Falls,US,Floyd Bennett Memorial Airport,43.3412017822,-73.6102981567
GFN,Grafton,AU,Clarence Valley Regional Airport,-29.754795,153.031234
GFR,"Bréville-sur-Mer, Manche",FR,Granville Airport,48.883099,-1.56417
GFY,Grootfontein,NA,Grootfontein Airport,-19.6022,18.1227
GGG,Longview,US,East Texas Regional Airport,32.38399887084961,-94.71150207519531
GGT,Moss Town,BS,Exuma International Airport,23.562599,-75.877998
GGW,Glasgow,US,Glasgow Valley County Airport Wokal Field,48.212502,-106.614998
GHA,El Atteuf,DZ,Noumérat - Moufdi Zakaria Airport,32.384102,3.79411
GHB,Governor's Harbour,BS,Governor's Harbour Airport,25.2847,-76.331001
GHC,Bullocks Harbour,BS,Great Harbour Cay Airport,25.7383,-77.840103
GHN,Deyang (Guanghan),CN,Guanghan Airport,30.9485,104.3296
GHT,Ghat,LY,Ghat Airport,25.145599,10.1426
GHU,Gualeguaychu,AR,Gualeguaychu Airport,-33.005567,-58.612833
GHV,Brașov (Ghimbav),RO,Brașov-Ghimbav International Airport,45.70558,25.522871
GIB,Gibraltar,GI,Gibraltar Airport,36.151679,-5.34978
GID,Gitega,BI,Gitega Airport,-3.417209,29.911308
GIG,Rio De Janeiro,BR,Rio de Janeiro Galeão – Tom Jobim International Airport,-22.809999,-43.250557
GIL,Gilgit,PK,Gilgit Airport,35.918800354003906,74.33360290527344
GIR,Girardot,CO,Santiago Vila Airport,4.27624,-74.7967
GIS,Gisborne,NZ,Gisborne Airport,-38.6633,177.977997
GIZ,Jizan,SA,Jizan Regional Airport / King Abdullah bin Abdulaziz Airport,16.9011,42.5858
GJA,Guanaja,HN,La Laguna Airport,16.4454,-85.906601
GJL,Tahir,DZ,Jijel Ferhat Abbas Airport,36.794125,5.873652
GJM,Guajará-Mirim,BR,Guajará-Mirim Airport,-10.78641,-65.28486
GJT,Grand Junction,US,Grand Junction Regional Airport,39.126663,-108.529387
GKA,Goronka,PG,Goroka Airport,-6.081689834590001,145.391998291
GKE,Geilenkirchen,DE,Geilenkirchen Air Base,50.9608,6.04242
GKN,Gulkana,US,Gulkana Airport,62.155859,-145.454662
GLA,Glasgow,GB,Glasgow Airport,55.871899,-4.43306
GLD,Goodland,US,Goodland Municipal Airport,39.370701,-101.699753
GLF,Golfito,CR,Golfito Airport,8.65401,-83.182198
GLH,Greenville,US,Mid Delta Regional Airport,33.482899,-90.985603
GLI,Glen Innes,AU,Glen Innes Airport,-29.676029,151.691156
GLO,"Staverton, Gloucestershire",GB,Gloucestershire Airport,51.894199,-2.16722
GLS,Galveston,US,Scholes International At Galveston Airport,29.265301,-94.860397
GLT,Gladstone,AU,Gladstone Airport,-23.869763,151.225439
GLU,Gelephu,BT,Gelephu Airport,26.88456,90.46412
GLZ,Rijen,NL,Gilze Rijen Air Base,51.567402,4.93183
GMA,Gemena,CD,Gemena Airport,3.23537,19.771299
GMB,Gambela,ET,Gambela Airport,8.12876,34.563099
GME,Gomel,BY,Gomel Airport,52.527000427246094,31.016700744628906
GMO,Gombe,NG,Gombe Lawanti International Airport,10.298889,10.9
GMP,Seoul,KR,Seoul Gimpo International Airport,37.5583,126.791
GMQ,Golog (Maqên),CN,Golog Maqên Airport,34.418066,100.301144
GMR,Totegegie,PF,Totegegie Airport,-23.07990074157715,-134.88999938964844
GMU,Greenville,US,Greenville Downtown Airport,34.847903,-82.350217
GNA,Hrodna,BY,Hrodna Airport,53.602001,24.053801
GNB,Grenoble,FR,Grenoble Alpes Isère Airport,45.3629,5.32937
GND,Saint George's,GD,Maurice Bishop International Airport,12.003996,-61.785302
GNJ,Ganja,AZ,Ganja International Airport,40.738692,46.320383
GNS,Gunungsitoli,ID,Binaka Airport,1.166275,97.705196
GNV,Gainesville,US,Gainesville Regional Airport,29.6900997162,-82.2717971802
GNY,Şanlıurfa,TR,Şanlıurfa GAP Airport,37.445663,38.895592
GOA,Genova (GE),IT,Genoa Cristoforo Colombo Airport,44.412039,8.840732
GOH,Nuuk,GL,Nuuk International Airport,64.191066,-51.67914
GOI,Vasco da Gama,IN,Goa Dabolim International Airport,15.380062,73.833328
GOJ,Nizhny Novgorod,RU,Nizhny Novgorod / Strigino International Airport,56.227351,43.785152
GOM,Goma,CD,Goma International Airport,-1.666758,29.238037
GON,Groton,US,Groton New London Airport,41.330101,-72.045097
GOP,Gorakhpur,IN,Gorakhpur Airport,26.739700317399997,83.4496994019
GOQ,Golmud,CN,Golmud Airport,36.4006,94.786102
GOT,Göteborg,SE,Göteborg Landvetter Airport,57.6628,12.2798
GOU,Garoua,CM,Garoua International Airport,9.334785,13.372129
GOV,Nhulunbuy,AU,Gove Airport,-12.269399642899998,136.817993164
GOX,Mopa,IN,Manohar International Airport,15.744257,73.860625
GOZ,Gorna Oryahovitsa,BG,Gorna Oryahovitsa Airport,43.151402,25.7129
GPA,Patras,GR,Patras Araxos Agamemnon Airport,38.1511,21.4256
GPI,Guapi,CO,Guapi Airport,2.57013,-77.897969
GPL,Pococi,CR,Guapiles Airport,10.2172002792,-83.79699707030001
GPN,Pirlangimpi,AU,Garden Point Airport,-11.399686,130.425568
GPO,General Pico,AR,General Pico Airport,-35.696201,-63.758301
GPS,Isla Baltra,EC,Seymour Galapagos Ecological Airport,-0.453758,-90.2659
GPT,Gulfport,US,Gulfport Biloxi International Airport,30.405582,-89.069836
GRB,Green Bay,US,Austin Straubel International Airport,44.483459,-88.130805
GRF,Joint Base Lewis McChord,US,Gray Army Air Field,47.079201,-122.581001
GRI,Grand Island,US,Central Nebraska Regional Airport,40.967498779296875,-98.30960083007812
GRJ,George,ZA,George Airport,-34.0056,22.378902
GRK,Fort Cavazos,US,Killeen Regional Airport / Robert Gray Army Airfield,31.0672,-97.828903
GRO,Girona,ES,Girona-Costa Brava Airport,41.904639,2.761774
GRQ,Groningen,NL,Groningen Airport Eelde,53.119107,6.577652
GRR,Grand Rapids,US,Gerald R. Ford International Airport,42.880798,-85.522797
GRS,Grosseto (GR),IT,Grosseto Corrado Baccarini Air Base / Grosseto Airport,42.759701,11.0719
GRU,São Paulo,BR,São Paulo/Guarulhos–Governor André Franco Montoro International Airport,-23.431274,-46.469954
GRV,Grozny,RU,Akhmat Kadyrov Grozny International Airport,43.388106,45.699772
GRW,Santa Cruz da Graciosa,PT,Graciosa Airport,39.092201232910156,-28.029800415039062
GRX,Granada,ES,F.G.L. Airport Granada-Jaén Airport,37.188702,-3.77736
GRY,Grímsey/Sandvík,IS,Grímsey Airport,66.5458,-18.0173
GRZ,Feldkirchen bei Graz,AT,Graz Airport,46.9911,15.4396
GSB,Goldsboro,US,Seymour Johnson Air Force Base,35.339401,-77.960602
GSE,Göteborg,SE,Säve Airport,57.7747,11.8704
GSJ,Puerto San José,GT,San José Airport,13.9362,-90.8358
GSM,Qeshm(Dayrestan),IR,Qeshm International Airport,26.754639,55.902353
GSO,Greensboro,US,Piedmont Triad International Airport,36.09937,-79.937262
GSP,Greenville/Greer/Spartanburg,US,Greenville-Spartanburg International Airport,34.895699,-82.218903
GST,Gustavus,US,Gustavus Airport,58.4253006,-135.7070007
GSV,Saratov,RU,Gagarin International Airport,51.712778,46.171111
GTE,Groote Eylandt,AU,Groote Eylandt Airport,-13.972405,136.458553
GTF,Great Falls,US,Great Falls International Airport,47.481998,-111.371002
GTN,Glentanner Station,NZ,Glentanner Airport,-43.906700134277344,170.1280059814453
GTR,Columbus/W Point/Starkville,US,Golden Triangle Regional Airport,33.450298,-88.5914
GUA,Guatemala City,GT,La Aurora International Airport,14.582896,-90.527515
GUC,Gunnison,US,Gunnison Crested Butte Regional Airport,38.534672,-106.934566
GUH,Gunnedah,AU,Gunnedah Airport,-30.957511,150.248981
GUI,Guiria,VE,Guiria Airport,10.574077606200001,-62.3126678467
GUJ,Guaratinguetá,BR,Edu Chaves Field,-22.791599,-45.2048
GUL,Goulburn,AU,Goulburn Airport,-34.810298919677734,149.7259979248047
GUM,Hagåtña,GU,Antonio B. Won Pat International Airport,13.485,144.797282
GUP,Gallup,US,Gallup Municipal Airport,35.511653,-108.788166
GUQ,Guanare,VE,Guanare Airport,9.026944,-69.75515
GUR,Gurney,PG,Gurney Airport,-10.3114995956,150.333999634
GUS,Peru,US,Grissom Air Reserve Base,40.648102,-86.1521
GUW,Atyrau,KZ,Atyrau International Airport,47.121318,51.820343
GUY,Guymon,US,Guymon Municipal Airport,36.6851005554,-101.508003235
GVA,Geneva,CH,Geneva International Airport,46.238098,6.10895
GVN,Sovetskaya Gavan,RU,Sovetskaya Gavan (Maygatka) Airport,48.925067,140.035348
GVR,Governador Valadares,BR,Coronel Altino Machado Airport,-18.895882,-41.982869
GVX,Sandviken,SE,Gävle–Sandviken Airport,60.594444,16.951111
GWD,Gurandani,PK,New Gwadar International Airport,25.296733,62.498822
GWE,Gweru,ZW,Josiah Tungamirai Air Force Base,-19.436718,29.861945
GWL,Gwalior,IN,Gwalior Airport,26.29330062866211,78.22779846191406
GWO,Greenwood,US,Greenwood–Leflore Airport,33.495025,-90.088204
GWT,Sylt,DE,Westerland Sylt Airport,54.9132,8.34047
GXF,Seiyun,YE,Seiyun Hadhramaut International Airport,15.965887,48.788146
GXG,Negage,AO,Negage Airport,-7.754509925842285,15.287699699401855
GXH,Gannan (Xiahe),CN,Gannan Xiahe Airport,34.819014,102.622261
GXQ,Coyhaique,CL,Teniente Vidal Airport,-45.5942,-72.106102
GYA,Guayaramerín,BO,Guayaramerín Airport,-10.88856,-65.380955
GYD,Baku,AZ,Heydar Aliyev International Airport,40.47278,50.050931
GYE,Guayaquil,EC,José Joaquín de Olmedo International Airport,-2.15742,-79.883598
GYG,Magan,RU,Magan Airport,62.103484,129.545288
GYI,Gisenyi,RW,Gisenyi Airport,-1.6772,29.2589
GYM,Guaymas,MX,General José María Yáñez International Airport,27.9689998626709,-110.92500305175781
GYN,Goiânia,BR,Santa Genoveva International Airport,-16.632,-49.220699
GYS,Guangyuan (Lizhou),CN,Guangyuan Panlong Airport,32.390254,105.694571
GYU,Guyuan (Yuanzhou),CN,Guyuan Liupanshan Airport,36.078889,106.216944
GYY,Gary,US,Gary/Chicago International Airport,41.617087,-87.413206
GZP,Gazipaşa,TR,Gazipaşa-Alanya Airport,36.298832,32.297017
GZT,Gaziantep,TR,Gaziantep Oğuzeli International Airport,36.947201,37.478699
GZW,Qazvin,IR,Qazvin Airport,36.240101,50.0471
HAC,Hachijojima,JP,Hachijojima Airport,33.114843,139.785645
HAD,Halmstad,SE,Halmstad Airport,56.69110107421875,12.820199966430664
HAH,Moroni,KM,Prince Said Ibrahim International Airport,-11.5337,43.2719
HAJ,Hannover,DE,Hannover Airport,52.461102,9.68508
HAK,Haikou (Meilan),CN,Haikou Meilan International Airport,19.9349,110.459
HAM,Hamburg,DE,Hamburg Helmut Schmidt Airport,53.630402,9.98823
HAN,Hanoi (Soc Son),VN,Noi Bai International Airport,21.221201,105.806999
HAQ,Haa Dhaalu Atoll,MV,Hanimaadhoo International Airport,6.743235,73.167072
HAS,Hail,SA,Hail International Airport,27.437901,41.686298
HAU,Karmøy,NO,"Haugesund Airport, Karmøy",59.345299,5.20836
HAV,Havana,CU,José Martí International Airport,22.989200592041016,-82.40910339355469
HAW,Haverfordwest,GB,Haverfordwest Airport,51.833099365234375,-4.9611101150512695
HBA,Hobart (Cambridge),AU,Hobart International Airport,-42.837032,147.513022
HBE,Alexandria,EG,Alexandria International Airport,30.93249,29.696437
HBG,Hattiesburg,US,Hattiesburg Bobby L Chain Municipal Airport,31.26479912,-89.25279999
HBR,Hobart,US,Hobart Regional Airport,34.991317,-99.051313
HBX,Hubballi,IN,Hubballi Airport,15.361084,75.082096
HCJ,Hechi (Jinchengjiang),CN,Hechi Jinchengjiang Airport,24.804344,107.710819
HCN,Hengchun,TW,Hengchun Airport,22.0411,120.730003
HCQ,Halls Creek,AU,Halls Creek Airport,-18.2339,127.669998
HCR,Holy Cross,US,Holy Cross Airport,62.18830108642578,-159.77499389648438
HCZ,Chenzhou,CN,Chenzhou Beihu Airport,25.753419,112.845404
HDF,Zirchow,DE,Heringsdorf Airport,53.8787,14.1523
HDG,Handan,CN,Handan Airport,36.524824,114.424126
HDM,Hamadan,IR,Hamadan Airport,34.866416,48.56069
HDN,Hayden,US,Yampa Valley Airport,40.481201,-107.218002
HDS,Hoedspruit,ZA,Eastgate Airport / Air Force Base Hoedspruit,-24.361864,31.052921
HDY,Hat Yai,TH,Hat Yai International Airport,6.93321,100.392998
HEA,Guzara,AF,Herat - Khwaja Abdullah Ansari International Airport,34.209999,62.228298
HEH,Heho,MM,Heho Airport,20.74714,96.792029
HEK,Heihe,CN,Heihe Aihui Airport,50.171621,127.308884
HEL,Helsinki (Vantaa),FI,Helsinki Vantaa Airport,60.318363,24.963341
HER,Heraklion,GR,Heraklion International Nikos Kazantzakis Airport,35.339699,25.1803
HET,Hohhot,CN,Hohhot Baita International Airport,40.849658,111.824598
HFA,Haifa,IL,Uri Michaeli Haifa International Airport,32.810219,35.043719
HFD,Hartford,US,Hartford Brainard Airport,41.736698150635,-72.649398803711
HFE,Hefei,CN,Hefei Xinqiao International Airport,31.98779,116.9769
HFN,Höfn,IS,Hornafjörður Airport,64.295601,-15.2272
HFT,Hammerfest,NO,Hammerfest Airport,70.679703,23.6686
HGA,Hargeisa,SO,Egal International Airport,9.514082,44.083469
HGH,Hangzhou,CN,Hangzhou Xiaoshan International Airport,30.23609,120.428865
HGI,Hollongi,IN,Itanagar Donyi Polo Hollongi Airport,26.96683,93.638792
HGN,Mae Hong Son,TH,Mae Hong Son Airport,19.3013,97.9758
HGO,Korhogo,CI,Korhogo Airport,9.38718,-5.55666
HGR,Hagerstown,US,Hagerstown Regional Richard A Henson Field,39.708771,-77.728014
HGU,Mount Hagen,PG,Mount Hagen Kagamuga Airport,-5.828212,144.299412
HHE,Hachinohe,JP,JMSDF Hachinohe Air Base / Hachinohe Airport,40.551181,141.465428
HHH,Hilton Head Island,US,Hilton Head Airport,32.2244,-80.697502
HHN,Frankfurt am Main (Lautzenhausen),DE,Frankfurt-Hahn Airport,49.946353,7.261734
HHQ,Hua Hin,TH,Hua Hin Airport,12.6361999512,99.951499939
HHR,Hawthorne,US,Jack Northrop Field Hawthorne Municipal Airport,33.922798,-118.334999
HIA,Huai'an,CN,Huai'an Lianshui Airport,33.792712,119.126657
HIB,Hibbing,US,Range Regional Airport,47.384831,-92.836905
HID,Horn,AU,Horn Island Airport,-10.585636,142.29277
HIF,Ogden,US,Hill Air Force Base,41.12403,-111.973086
HII,Lake Havasu City,US,Lake Havasu City Airport,34.570506,-114.357745
HIJ,Hiroshima,JP,Hiroshima Airport,34.4361,132.919006
HIM,Polonnaruwa Town,LK,Hingurakgoda Air Force Base,8.04981,80.9814
HIN,Sacheon,KR,Sacheon Airport / Sacheon Air Base,35.088591,128.071747
HIO,Portland,US,Portland Hillsboro Airport,45.540401,-122.949997
HIR,Honiara,SB,Honiara International Airport,-9.428,160.054993
HJJ,Huaihua,CN,Huaihua Zhijiang Airport,27.443087,109.704666
HJR,Khajuraho,IN,Khajuraho Airport,24.8172,79.918602
HKD,Hakodate,JP,Hakodate Airport,41.77,140.822006
HKG,Hong Kong,HK,Hong Kong International Airport,22.31184,113.914862
HKK,Hokitika Airfield,NZ,Hokitika Airfield,-42.713600158691406,170.98500061035156
HKN,Kimbe,PG,Hoskins Airport,-5.463846,150.407327
HKT,Phuket,TH,Phuket International Airport,8.113257,98.3174
HKY,Hickory,US,Hickory Regional Airport,35.74110031,-81.38950348
HLA,Johannesburg,ZA,Lanseria International Airport,-25.938964,27.926642
HLD,Hailar,CN,Hulunbuir Hailar Airport,49.208616,119.822301
HLE,Jamestown,SH,Saint Helena International Airport,-15.958898,-5.646066
HLG,Wheeling,US,Wheeling Ohio County Airport,40.1749992371,-80.6463012695
HLN,Helena,US,Helena Regional Airport,46.6068,-111.983002
HLP,Jakarta,ID,Halim Perdanakusuma International Airport,-6.266989,106.890318
HLT,Hamilton,AU,Hamilton Airport,-37.64889907836914,142.06500244140625
HLZ,Hamilton,NZ,Hamilton International Airport,-37.866961,175.331952
HMA,Khanty-Mansiysk,RU,Khanty Mansiysk Airport,61.0285,69.086098
HMB,Suhaj,EG,Suhaj International Airport,26.342515,31.743017
HME,Hassi Messaoud,DZ,Hassi Messaoud-Oued Irara Krim Belkacem Airport,31.673,6.14044
HMI,Hami,CN,Hami Airport,42.8414,93.669197
HMJ,Khmelnytskyi,UA,Khmelnytskyi Airport,49.359699,26.933399
HMN,Alamogordo,US,Holloman Air Force Base,32.852501,-106.107002
HMO,Hermosillo,MX,General Ignacio L. Pesqueira International Airport,29.092811,-111.053015
HNA,Hanamaki,JP,Iwate Hanamaki Airport,39.4286,141.134995
HND,Tokyo,JP,Tokyo Haneda International Airport,35.549678,139.786958
HNG,Hainan (Gonghe),CN,Hainanzhou Gonghe Airport,36.3367,100.480003
HNL,"Honolulu, Oahu",US,Daniel K. Inouye International Airport,21.318387,-157.92567
HNM,Hana,US,Hana Airport,20.795601,-156.014008
HNS,Haines,US,Haines Airport,59.243921,-135.523925
HOB,Hobbs,US,Lea County Regional Airport,32.6875,-103.217003
HOF,Hofuf,SA,Al-Ahsa International Airport,25.285299,49.485199
HOG,Holguin,CU,Frank Pais International Airport,20.785148,-76.315526
HOI,Otepa,PF,Hao Airport,-18.0748,-140.945999
HOM,Homer,US,Homer Airport,59.644456,-151.479235
HON,Huron,US,Huron Regional Airport,44.385201,-98.2285
HOP,Fort Campbell,US,Campbell Army Airfield (Fort Campbell),36.674154,-87.48974
HOQ,Hof,DE,Hof-Plauen Airport,50.288544,11.852876
HOR,Horta,PT,Horta Airport,38.519901275634766,-28.715900421142578
HOT,Hot Springs,US,Memorial Field Airport,34.4788,-93.096262
HOU,Houston,US,William P. Hobby Airport,29.645336,-95.276812
HOV,Ørsta,NO,"Ørsta-Volda Airport, Hovden",62.180000305176,6.0741000175476
HPA,Lifuka,TO,Lifuka Island Airport,-19.777000427246094,-174.34100341796875
HPG,Shennongjia (Hongping),CN,Shennongjia Hongping Airport,31.626,110.34
HPH,Haiphong (Hai An),VN,Cat Bi International Airport,20.817428,106.724315
HPN,White Plains,US,Westchester County Airport,41.06700134277344,-73.70760345458984
HQL,Tashikuergan,CN,Tashikuergan Hongqilafu Airport,37.661333,75.288877
HQM,Hoquiam,US,Bowerman Airport,46.971199035599994,-123.93699646
HRB,Harbin,CN,Harbin Taiping International Airport,45.623402,126.25
HRE,Harare,ZW,Robert Gabriel Mugabe International Airport,-17.931801,31.0928
HRG,Hurghada,EG,Hurghada International Airport,27.176776,33.796692
HRI,Mattala,LK,Mattala Rajapaksa International Airport,6.283878,81.124163
HRK,Kharkiv,UA,Kharkiv International Airport,49.926943,36.290814
HRL,Harlingen,US,Valley International Airport,26.228500366210938,-97.65440368652344
HRM,Hassi R'Mel,DZ,Hassi R'Mel Airport,32.930401,3.31154
HRO,Harrison,US,Boone County Airport,36.26150131225586,-93.15470123291016
HRS,Harrismith,ZA,Harrismith Airport,-28.2351,29.106199
HSA,Turkıstan,KZ,Hazrat Sultan International Airport,43.311087,68.550352
HSC,Shaoguan,CN,Shaoguan Danxia Airport,24.9786,113.420998
HSG,Saga,JP,Kyushu Saga International Airport,33.1497,130.302002
HSL,Huslia,US,Huslia Airport,65.697899,-156.350998
HSM,Horsham,AU,Horsham Airport,-36.669700622558594,142.17300415039062
HSN,Zhoushan,CN,Zhoushan Putuoshan International Airport,29.933874,122.362307
HSR,Rajkot,IN,Rajkot International Airport,22.378824,71.039391
HSS,Hisar,IN,Maharaja Agrasen International Airport,29.186065,75.74142
HST,Homestead,US,Homestead Air Reserve Base,25.4886,-80.383598
HSV,Huntsville,US,Huntsville International Airport,34.636244,-86.774378
HSZ,Hsinchu City,TW,Hsinchu Air Base,24.8180007935,120.939002991
HTA,Chita,RU,Chita-Kadala International Airport,52.024841,113.305839
HTG,Khatanga,RU,Khatanga Airport,71.97810363769531,102.49099731445312
HTI,Hamilton Island,AU,Hamilton Island Airport,-20.3581008911,148.95199585
HTN,Hotan,CN,Hotan Airport,37.03850173950195,79.86489868164062
HTS,Huntington,US,Tri-State Airport / Milton J. Ferguson Field,38.366699,-82.557999
HTT,Mengnai,CN,Huatugou Airport,38.201645,90.837843
HTU,Hopetoun,AU,Hopetoun Airport,-35.715302,142.360001
HTV,Huntsville,US,Huntsville Regional Airport,30.7469005585,-95.5871963501
HTY,Antakya,TR,Hatay Airport,36.36079,36.285589
HUA,Redstone Arsnl Huntsville,US,Redstone Army Air Field,34.67869949,-86.68479919
HUF,Terre Haute,US,"Terre Haute Regional Airport, Hulman Field",39.4515,-87.307602
HUH,Fare,PF,Huahine-Fare Airport,-16.687084,-151.021593
HUI,Huế,VN,Phu Bai International Airport,16.400581,107.704094
HUL,Houlton,US,Houlton International Airport,46.1231002808,-67.792098999
HUN,Hualien City,TW,Hualien Chiashan Airport,24.023163,121.617991
HUO,Holingol,CN,Holingol Huolinhe Airport,45.487222,119.407222
HUT,Hutchinson,US,Hutchinson Municipal Airport,38.0654983521,-97.86060333250002
HUU,Huánuco,PE,Alferez Fap David Figueroa Fernandini Airport,-9.878809928894043,-76.20480346679688
HUX,Huatulco,MX,Bahías de Huatulco International Airport,15.775437,-96.260456
HUY,"Grimsby, Lincolnshire",GB,Humberside Airport,53.576152,-0.34954
HUZ,Huizhou (Pingtan),CN,Huizhou Pingtan Airport,23.049999,114.599998
HVA,Analalava,MG,Analalava Airport,-14.629514,47.763555
HVB,Hervey Bay,AU,Hervey Bay Airport,-25.320127,152.880662
HVD,Khovd,MN,Khovd Airport,47.954102,91.628197
HVG,Honningsvåg,NO,"Honningsvåg Airport, Valan",71.009697,25.983601
HVN,New Haven,US,Tweed New Haven Airport,41.262869,-72.887694
HVR,Havre,US,Havre City County Airport,48.541387,-109.762859
HWN,Gwayi River Farms,ZW,Hwange National Park Airport,-18.6299,27.021
HWO,Hollywood,US,North Perry Airport,26.0012,-80.2407
HWR,Halwara,IN,Halwara International Airport,30.748501,75.629799
HXD,Delingha,CN,Haixi Delingha Airport,37.125286,97.268658
HXX,Hay,AU,Hay Airport,-34.531399,144.830002
HYA,Hyannis,US,Cape Cod Gateway Airport,41.6693,-70.280403
HYD,Hyderabad,IN,Rajiv Gandhi International Airport,17.231318,78.429855
HYN,Taizhou (Luqiao),CN,Taizhou Luqiao Airport,28.562201,121.429001
HYR,Hayward,US,Sawyer County Airport,46.025199890100005,-91.44429779050002
HYS,Hays,US,Hays Regional Airport,38.844521,-99.273148
HZA,Heze (Dingtao),CN,Heze Mudan Airport,35.212972,115.736748
HZB,"Merville, Nord",FR,Merville-Calonne Airport,50.618401,2.64224
HZG,Hanzhong (Chenggu),CN,Hanzhong Chenggu Airport,33.133527,107.203817
HZH,Liping,CN,Liping Airport,26.32217,109.1499
HZK,Húsavík,IS,Húsavík Airport,65.952301,-17.426001
HZU,Chengdu (Jintang),CN,Chengdu Huaizhou Airport,30.677339,104.529397
IAA,Igarka,RU,Igarka Airport,67.437202,86.621902
IAB,Wichita,US,McConnell Air Force Base,37.621899,-97.268204
IAD,Dulles,US,Washington Dulles International Airport,38.9445,-77.455803
IAG,Niagara Falls,US,Niagara Falls International Airport,43.1073,-78.946198
IAH,Houston,US,George Bush Intercontinental Airport,29.9844,-95.3414
IAM,In Aménas,DZ,Zarzaitine - In Aménas Airport,28.0515,9.64291
IAN,Kiana,US,Bob Baker Memorial Airport,66.976128,-160.439014
IAR,Tunoshna,RU,Golden Ring Yaroslavl International Airport,57.560699,40.157398
IAS,Iaşi,RO,Iaşi International Airport,47.179633,27.621431
IBA,Ibadan,NG,Ibadan Airport,7.362460136413574,3.97832989692688
IBE,Ibagué,CO,Perales Airport,4.42161,-75.1333
IBL,Bazaruto Island,MZ,Indigo Bay Lodge Airport,-21.708,35.452801
IBP,Iberia,PE,Iberia Airport,-11.4116,-69.488701
IBR,Omitama,JP,Ibaraki Airport,36.181456,140.414434
IBZ,Ibiza (Eivissa),ES,Ibiza Airport,38.872898,1.37312
ICN,Seoul,KR,Incheon International Airport,37.469101,126.450996
ICT,Wichita,US,Wichita Dwight D. Eisenhower National Airport,37.650314,-97.428583
IDA,Idaho Falls,US,Idaho Falls Regional Airport,43.514599,-112.070999
IDR,Indore,IN,Devi Ahilya Bai Holkar International Airport,22.721404,75.80051
IEG,Nowe Kramsko,PL,Zielona Góra-Babimost Airport,52.1385,15.7986
IEJ,Ie,JP,Iejima Airport,26.722537,127.786801
IEV,Kyiv,UA,Igor Sikorsky Kyiv International Airport (Zhuliany),50.40194,30.45194
IFJ,Ísafjörður,IS,Ísafjörður Airport,66.058098,-23.1353
IFN,Isfahan,IR,Isfahan Shahid Beheshti International Airport,32.755142,51.883877
IFO,Ivano-Frankivsk,UA,Ivano-Frankivsk International Airport,48.884201,24.6861
IFP,Bullhead City,US,Laughlin Bullhead International Airport,35.154726,-114.559322
IGA,Matthew Town,BS,Inagua Airport,20.975,-73.666901
IGD,Iğdır,TR,Iğdır Airport,39.976627,43.876648
IGL,Çiğli,TR,Çiğli Airbase,38.513,27.010099
IGM,Kingman,US,Kingman Airport,35.259499,-113.938004
IGR,Puerto Iguazu,AR,Cataratas Del Iguazú International Airport,-25.737301,-54.4734
IGS,Manching,DE,Ingolstadt Manching Airport,48.7156982421875,11.534000396728516
IGT,Sunzha,RU,Magas Airport,43.323268,45.012568
IGU,Foz do Iguaçu,BR,Cataratas International Airport,-25.594167,-54.489444
IHR,Iranshahr,IR,Iranshahr Airport,27.236099,60.720001
IIL,Ilam,IR,Ilam Airport,33.58660125732422,46.40480041503906
IJK,Izhevsk,RU,Izhevsk Airport,56.834524,53.462172
IKA,Tehran,IR,Imam Khomeini International Airport,35.416099548339844,51.152198791503906
IKG,Karakol,KG,Karakol International Airport,42.508099,78.407799
IKI,Iki,JP,Iki Airport,33.7490005493,129.785003662
IKK,Kankakee,US,Greater Kankakee Airport,41.07139968869999,-87.8462982178
IKS,Tiksi,RU,Tiksi Airport,71.697701,128.903
IKT,Irkutsk,RU,Irkutsk International Airport,52.266707,104.395563
IKU,Tamchy,KG,Issyk-Kul International Airport,42.585584,76.701181
ILD,Lleida,ES,Lleida-Alguaire Airport,41.728185,0.535023
ILG,Wilmington,US,Wilmington Airport,39.678699,-75.606499
ILI,Iliamna,US,Iliamna Airport,59.754398,-154.910996
ILM,Wilmington,US,Wilmington International Airport,34.272345,-77.905117
ILN,Wilmington,US,Wilmington Airpark,39.427898407,-83.792098999
ILO,Cabatuan,PH,Iloilo International Airport,10.833017,122.493358
ILP,Île des Pins,NC,Île des Pins Airport,-22.5889,167.455994
ILQ,Ilo,PE,General Jorge Fernandez Maldon Airport,-17.695,-71.344002
ILR,Ilorin/Ogbomosho,NG,General Tunde Idiagbon International Airport,8.44021,4.49392
ILS,San Salvador,SV,Ilopango International Airport,13.6995,-89.119904
ILY,"Isle of Islay, Argyll and Bute",GB,Islay Airport,55.682708,-6.257525
ILZ,Dolný Hričov,SK,Žilina-Dolný Hričov Airport,49.233292,18.613386
IMF,Imphal,IN,Bir Tikendrajit International Airport,24.76,93.896698
IMP,Imperatriz,BR,Prefeito Renato Moreira Airport,-5.53129,-47.459999
IMQ,Showt,IR,Maku National Airport,39.191293,44.928505
IMT,Kingsford,US,Ford Airport,45.81911,-88.114557
INA,Inta,RU,Inta Airport,66.055568,60.11088
INC,Yinchuan,CN,Yinchuan Hedong International Airport,38.322758,106.393214
IND,Indianapolis,US,Indianapolis International Airport,39.7173,-86.294403
INH,Inhambane,MZ,Inhambane Airport,-23.8764,35.408501
INI,Niš,RS,Niš Constantine the Great Airport,43.336538,21.856242
INK,Wink,US,Winkler County Airport,31.7796,-103.200996
INL,International Falls,US,Falls International Airport,48.566200256347656,-93.4030990600586
INN,Innsbruck,AT,Innsbruck Airport,47.260201,11.344
INT,Winston Salem,US,Smith Reynolds Airport,36.13370132446289,-80.22200012207031
INU,Yaren,NR,Nauru International Airport,-0.547893,166.919525
INV,"Inverness, Highland",GB,Inverness Airport,57.5425,-4.0475
INW,Winslow,US,Winslow Lindbergh Regional Airport,35.021900177,-110.722999573
INZ,In Salah,DZ,In Salah Airport,27.250999,2.51202
IOA,Ioannina,GR,Ioannina King Pyrrhus National Airport,39.6964,20.8225
IOM,"Castletown, Rushen",IM,Isle of Man Airport,54.083081,-4.623871
IOS,Ilhéus,BR,Bahia - Jorge Amado Airport,-14.815929,-39.033458
IPC,Isla De Pascua,CL,Mataveri International Airport,-27.165411,-109.421027
IPH,Ipoh,MY,Sultan Azlan Shah Airport,4.56733,101.091643
IPI,Ipiales,CO,San Luis Airport,0.861946,-77.671783
IPL,Imperial,US,Imperial County Airport,32.83539,-115.574026
IPN,Ipatinga,BR,Usiminas Airport,-19.470699,-42.487598
IPT,Williamsport,US,Williamsport Regional Airport,41.242126,-76.92245
IQA,Hīt,IQ,Al Asad Air Base,33.7855987549,42.4412002563
IQM,Qiemo,CN,Qiemo Yudu Airport,38.234516,85.465462
IQN,Qingyang (Xifeng),CN,Qingyang Xifeng Airport,35.802638,107.598896
IQQ,Iquique,CL,Diego Aracena International Airport,-20.536273,-70.181373
IQT,Iquitos,PE,Coronel FAP Francisco Secada Vignetta International Airport,-3.78474,-73.3088
IRD,Ishurdi,BD,Ishurdi Airport,24.1525,89.0494
IRG,Lockhart River,AU,Lockhart River Airport,-12.7869,143.304993
IRI,Nduli,TZ,Iringa Airport,-7.66863,35.752102
IRJ,La Rioja,AR,Capitan V A Almonacid Airport,-29.381599,-66.795799
IRK,Kirksville,US,Kirksville Regional Airport,40.09349822998047,-92.5448989868164
IRP,Isiro,CD,Matari Airport,2.82761,27.588301
ISA,Mount Isa,AU,Mount Isa Airport,-20.66638,139.488468
ISB,Attock,PK,Islamabad International Airport,33.549,72.82566
ISE,Isparta,TR,Süleyman Demirel International Airport,37.8554,30.368401
ISG,Ishigaki,JP,New Ishigaki Airport,24.396389,124.245
ISK,Nashik,IN,Nashik International Airport,20.119101,73.912903
ISL,Istanbul(Bakırköy),TR,İstanbul Atatürk Airport,40.971913,28.823714
ISM,Orlando,US,Kissimmee Gateway Airport,28.2898006439,-81.4371032715
ISO,Kinston,US,Kinston Regional Jetport At Stallings Field,35.331401825,-77.60880279540001
ISP,Islip,US,Long Island MacArthur Airport,40.796324,-73.101703
IST,Istanbul,TR,İstanbul Airport,41.274874,28.732136
ISU,Sulaymaniyah,IQ,Jalal Talabani International Airport,35.560487,45.315137
ITA,Itacoatiara,BR,Itacoatiara Airport,-3.126539,-58.481668
ITB,Itaituba,BR,Itaituba Airport,-4.242131,-56.000651
ITH,Ithaca,US,Ithaca Tompkins Regional Airport,42.49100112915039,-76.4583969116211
ITM,Osaka,JP,Osaka Itami International Airport,34.780853,135.440829
ITO,Hilo,US,Hilo International Airport,19.72135,-155.045428
IUE,Alofi,NU,Niue International Airport,-19.080109,-169.923493
IVC,Invercargill,NZ,Invercargill Airport,-46.41239929199219,168.31300354003906
IVL,Ivalo,FI,Ivalo Airport,68.6073,27.4053
IVR,Inverell,AU,Inverell Airport,-29.888299942,151.143997192
IWA,Ivanovo,RU,Ivanovo South Airport,56.93939971923828,40.940799713134766
IWJ,Masuda,JP,Iwami Airport,34.676399231,131.789993286
IWK,Iwakuni,JP,Iwakuni Kintaikyo Airport,34.146333,132.247238
IWO,Ogasawara,JP,Ioto (Iwo Jima) Airbase,24.784153,141.32261
IXA,Agartala,IN,Agartala - Maharaja Bir Bikram Airport,23.886999,91.240402
IXB,Siliguri,IN,Bagdogra Airport,26.6812,88.328598
IXC,Chandigarh,IN,Shaheed Bhagat Singh International Airport,30.6735,76.788498
IXD,Allahabad,IN,Prayagraj Airport,25.4401,81.733902
IXE,Mangaluru,IN,Mangaluru International Airport,12.95471,74.886812
IXG,Belgaum,IN,Belagavi Airport,15.8593,74.618301
IXH,Kailashahar,IN,Kailashahar Airport,24.308657,92.00768
IXI,Lilabari,IN,Lilabari North Lakhimpur Airport,27.295682,94.097266
IXJ,Jammu,IN,Jammu Airport,32.688849,74.838152
IXK,Keshod,IN,Keshod Airport,21.317101,70.270401
IXL,Leh,IN,Leh Kushok Bakula Rimpochee Airport,34.135899,77.546501
IXM,Madurai,IN,Madurai Airport,9.83450984955,78.09339904790001
IXP,Pathankot,IN,Pathankot Airport,32.233611,75.634444
IXR,Ranchi,IN,Birsa Munda Airport,23.314300537100003,85.3217010498
IXS,Silchar,IN,Silchar Airport,24.9129009247,92.97869873050001
IXU,Aurangabad,IN,Aurangabad Airport,19.862875,75.396312
IXV,Along,IN,Along Airport,28.17530059814453,94.802001953125
IXW,Jamshedpur,IN,Sonari Airport,22.813706,86.168981
IXX,Bidar,IN,Bidar Airport / Bidar Air Force Station,17.9081,77.487099
IXY,Kandla,IN,Kandla Airport,23.1127,70.100304
IXZ,Port Blair,IN,Veer Savarkar International Airport / INS Utkrosh,11.640194,92.72902
IZA,Juiz de Fora,BR,Presidente Itamar Franco Airport,-21.513086,-43.173069
IZO,Izumo,JP,Izumo Enmusubi Airport,35.413601,132.889999
IZT,Ixtepec,MX,General Antonio Cárdenas Rodríguez National Airport / Ixtepec Air Base,16.445961,-95.093708
JAA,Jalalabad,AF,Jalalabad Airport,34.399799,70.498596
JAC,Jackson,US,Jackson Hole Airport,43.6073,-110.737999
JAD,Perth,AU,Perth Jandakot Airport,-32.09749984741211,115.88099670410156
JAE,Jaén,PE,Shumba Airport,-5.59248,-78.774002
JAF,Jaffna,LK,Jaffna International Airport,9.79233,80.070099
JAG,Jacobabad,PK,Shahbaz Air Base,28.28420066833496,68.44969940185547
JAI,Jaipur,IN,Jaipur International Airport,26.8242,75.812202
JAK,Jacmel,HT,Jacmel Airport,18.2411,-72.518501
JAL,Emiliano Zapata,MX,El Lencero Airport,19.475107,-96.797008
JAM,Bezmer,BG,Bezmer Air Base,42.454899,26.3522
JAN,Jackson,US,Jackson-Medgar Wiley Evers International Airport,32.311199,-90.075897
JAU,Jauja,PE,Francisco Carle Airport,-11.7831001282,-75.47339630130001
JAV,Ilulissat,GL,Ilulissat Airport,69.243202,-51.057098
JAX,Jacksonville,US,Jacksonville International Airport,30.492469,-81.687813
JBQ,La Isabela,DO,La Isabela International Airport,18.572500228881836,-69.98560333251953
JBR,Jonesboro,US,Jonesboro Municipal Airport,35.83169937133789,-90.64640045166016
JCL,České Budějovice,CZ,České Budějovice South Bohemian Airport,48.948171,14.42832
JCR,Jacareacanga,BR,Jacareacanga Airport,-6.23316,-57.776901
JCT,Junction,US,Kimble County Airport,30.5112991333,-99.7634963989
JDE,Hangzhou,CN,Jiande Qiandaohu General Airport,29.360905,119.180829
JDF,Juiz de Fora,BR,Francisco de Assis Airport,-21.791482,-43.386072
JDG,Jeju Island,KR,Jeongseok Airport,33.3996009827,126.711997986
JDH,Jodhpur,IN,Jodhpur Airport,26.251100540161133,73.04889678955078
JDZ,Jingdezhen,CN,Jingdezhen Luojia Airport,29.3386,117.176003
JED,Jeddah,SA,King Abdulaziz International Airport,21.680241,39.157436
JEE,Carrefour Sanon,HT,Jérémie Airport,18.663099,-74.170303
JEG,Aasiaat,GL,Aasiaat Airport,68.721802,-52.784698
JER,St. Peter,JE,Jersey Airport,49.207901,-2.19551
JFK,New York,US,John F. Kennedy International Airport,40.639447,-73.779317
JFN,Ashtabula,US,Northeast Ohio Regional Airport,41.778,-80.695503
JGA,Jamnagar,IN,Jamnagar Airport,22.465499877929688,70.01260375976562
JGD,Jiagedaqi,CN,Daxing'anling Elunchun Airport,50.371389,124.1175
JGN,Jiayuguan,CN,Jiayuguan International Airport,39.859052,98.339344
JGS,Ji'an,CN,Jinggangshan Airport,26.856899,114.737
JHB,Johor Bahru,MY,Senai International Airport,1.64131,103.669998
JHF,São Roque,BR,São Paulo Catarina Executive Airport,-23.426886,-47.165658
JHG,Jinghong (Gasa),CN,Xishuangbanna Gasa International Airport,21.974648,100.762224
JHM,Lahaina,US,Kapalua Airport,20.9629,-156.673004
JHS,Sisimiut,GL,Sisimiut Airport,66.951302,-53.729301
JHW,Jamestown,US,Chautauqua County-Jamestown Airport,42.15425,-79.254008
JIB,Djibouti City,DJ,Djibouti-Ambouli Airport,11.5473,43.1595
JIC,Jinchang,CN,Jinchang Jinchuan Airport,38.542222,102.348333
JIJ,Jijiga,ET,Gerad Wilwal International Airport,9.331907,42.911811
JIM,Jimma,ET,Jimma Airport,7.66609001159668,36.81660079956055
JIQ,Qianjiang,CN,Qianjiang Wulingshan Airport,29.5133333333,108.831111111
JJD,Cruz,BR,Comandante Ariston Pessoa Airport,-2.906425,-40.357338
JJI,Juanjuí,PE,Juanjui Airport,-7.1691,-76.7286
JJN,Quanzhou,CN,Quanzhou Jinjiang International Airport,24.795855,118.588599
JJU,Qaqortoq,GL,Qaqortoq Airport,60.76383,-46.065001
JKG,Jönköping,SE,Jönköping Airport,57.757598876953125,14.068699836730957
JKH,Chios Island,GR,Chios Island National Airport,38.34320068359375,26.140600204467773
JKR,Janakpur,NP,Janakpur Airport,26.708799,85.922401
JLN,Joplin,US,Joplin Regional Airport,37.151798,-94.498299
JLR,Jabalpur,IN,Jabalpur Airport,23.177799,80.052002
JMJ,Pu'er (Lancang),CN,Lancang Jingmai Airport,22.417733,99.784012
JMK,Mykonos,GR,Mykonos Island National Airport,37.435101,25.348101
JMS,Jamestown,US,Jamestown Regional Airport,46.92969894,-98.67819977
JMU,Jiamusi,CN,Jiamusi Songjiang International Airport,46.842793,130.46426
JNB,Johannesburg,ZA,O.R. Tambo International Airport,-26.140081,28.246801
JNG,Jining,CN,Jining Da'an Airport,35.647358,116.743269
JNH,"Xiuzhou, Hangzhou",CN,Jiaxing Nanhu Airport,30.698056,120.663056
JNU,Juneau,US,Juneau International Airport,58.354935,-134.574416
JNZ,Jinzhou (Linghai),CN,Jinzhou Bay Airport,40.936032,121.277114
JOE,Joensuu,FI,Joensuu Airport,62.658815,29.619398
JOG,Yogyakarta,ID,Adisutjipto International Airport,-7.78818,110.431999
JOH,Port St Johns,ZA,Port St Johns Airport,-31.60612,29.52175
JOI,Joinville,BR,Lauro Carneiro de Loyola Airport,-26.224501,-48.797401
JOK,Yoshkar-Ola,RU,Yoshkar-Ola Airport,56.7006,47.904701
JOL,Jolo,PH,Jolo Airport,6.05367,121.011002
JOS,Jos,NG,Yakubu Gowon Airport,9.639829635620117,8.869050025939941
JPA,João Pessoa,BR,Presidente Castro Pinto International Airport,-7.148691,-34.950554
JRF,Kapolei,US,Kalaeloa Airport,21.3074,-158.070009
JRH,Jorhat,IN,Jorhat Airport,26.730456,94.175416
JRO,Arusha,TZ,Kilimanjaro International Airport,-3.427049,37.07353
JSA,Jaisalmer,IN,Jaisalmer Airport,26.8887,70.864998
JSH,Crete Island,GR,Sitia Airport,35.21609878540039,26.101299285888672
JSI,Skiathos,GR,Skiathos Island National Airport,39.177101,23.5037
JSJ,Jiansanjiang,CN,Jiansanjiang Shidi Airport,47.108248,132.65792
JSO,Sobral,BR,Dr. Luciano de Arruda Coelho Regional Airport,-3.614769,-40.232208
JSR,Jashore (Jessore),BD,Jessore Airport,23.1838,89.160797
JST,Johnstown,US,John Murtha Johnstown Cambria County Airport,40.31610107421875,-78.83390045166016
JTC,Bauru,BR,Bauru/Arealva–Moussa Nakhal Tobias State Airport,-22.160755,-49.070325
JTR,Santorini Island,GR,Santorini International Airport,36.400045,25.478638
JUB,Juba,SS,Juba International Airport,4.87201,31.601101
JUJ,San Salvador de Jujuy,AR,Gobernador Horacio Guzman International Airport,-24.392799,-65.097801
JUL,Juliaca,PE,Inca Manco Capac International Airport,-15.467689,-70.15653
JUZ,Quzhou (Kezheng),CN,Quzhou Airport,28.96613,118.898793
JWA,Jwaneng,BW,Jwaneng Airport,-24.602301,24.691
JWN,Zanjan,IR,Zanjan Airport,36.7737007141,48.3594017029
JWO,Gimseang-ro,KR,Jungwon Air Base/Chungju Airport,37.03024,127.886353
JXA,Jixi,CN,Jixi Xingkaihu Airport,45.293,131.193
JXN,Jackson,US,Jackson County Airport/Reynolds Field,42.260509,-84.463019
JYR,Jiroft,IR,Jiroft Airport,28.723519,57.675037
JYV,Jyväskylän Maalaiskunta,FI,Jyväskylä Airport,62.399502,25.678301
JZH,Ngawa (Songpan),CN,Jiuzhai Huanglong Airport,32.853333,103.682222
KAB,Kariba,ZW,Kariba Airport,-16.5198,28.885
KAC,Qamishli,SY,Qamishli International Airport,37.020599,41.191399
KAD,Kaduna,NG,Kaduna International Airport,10.696,7.32011
KAG,Gangneung,KR,Gangneung Airport (K-18),37.753601,128.943915
KAI,Kaieteur Falls,GY,Kaieteur Airport,5.177349,-59.48898
KAJ,Kajaani,FI,Kajaani Airport,64.2855,27.6924
KAN,Kano,NG,Mallam Aminu Kano International Airport,12.045613,8.523566
KAO,Kuusamo,FI,Kuusamo Airport,65.987602,29.239401
KAT,Awanui,NZ,Kaitaia Airport,-35.069837,173.287053
KAU,Kauhava,FI,Kauhava Airfield,63.127102,23.051399
KAW,Kawthoung,MM,Kawthoung Airport,10.049300193786621,98.53800201416016
KBK,Kushinagar,IN,Kushinagar International Airport,26.776534,83.889214
KBL,Kabul,AF,Kabul International Airport,34.565899,69.212303
KBP,Boryspil,UA,Boryspil International Airport,50.345001,30.894699
KBR,Kota Baharu,MY,Sultan Ismail Petra Airport,6.1668500900268555,102.29299926757812
KBS,Bo,SL,Bo Airport,7.9444,-11.761
KBV,Krabi,TH,Krabi International Airport,8.095591,98.988955
KCH,Kuching,MY,Kuching International Airport,1.487364,110.352859
KCM,Kahramanmaraş,TR,Kahramanmaraş Airport,37.5388259888,36.9535217285
KCO,Kartepe,TR,Cengiz Topel Airport,40.735001,30.0833
KCT,Galle,LK,Koggala Airport,5.993680000305176,80.32029724121094
KCY,Krasnoyarsk,RU,Krasnoyarsk Cheremshanka Airport,56.177584,92.545881
KCZ,Nankoku,JP,Kochi Ryoma Airport,33.545217,133.670166
KDH,Kandahar,AF,Ahmad Shah Baba International Airport,31.505769,65.847963
KDL,Kärdla,EE,Kärdla Airport,58.99079895019531,22.830699920654297
KDM,Huvadhu Atoll,MV,Kaadedhdhoo Airport,0.488131,72.996902
KDO,Kadhdhoo,MV,Kadhdhoo Airport,1.8591699600219727,73.52189636230469
KDT,Nakhon Pathom,TH,Kamphaeng Saen Airport,14.1020002365,99.9171981812
KDU,Skardu,PK,Skardu International Airport,35.33866,75.538648
KEF,Reykjavík,IS,Keflavik International Airport,63.985001,-22.6056
KEJ,Kemerovo,RU,Alexei Leonov Kemerovo International Airport,55.2701,86.107201
KEL,Kiel,DE,Kiel-Holtenau Airport,54.37957,10.145266
KEM,Kemi / Tornio,FI,Kemi-Tornio Airport,65.778701782227,24.582099914551
KEN,Kenema,SL,Kenema Airport,7.896364,-11.174126
KEP,Nepalgunj,NP,Nepalgunj Airport,28.1036,81.667
KER,Kerman,IR,Ayatollah Hashemi Rafsanjani International Airport,30.271276,56.949692
KES,Kelsey,CA,Kelsey Airport,56.0374984741,-96.50969696039999
KET,Kengtung,MM,Kengtung Airport,21.301599502563477,99.63600158691406
KEV,Jämsä,FI,Halli Airport,61.856039,24.786686
KFS,Kastamonu,TR,Kastamonu Airport,41.314201,33.795799
KFZ,Kukës,AL,Kukës International Airport,42.035802,20.415955
KGA,Kananga,CD,Kananga Airport,-5.90005,22.4692
KGC,Kingscote,AU,Kingscote Airport,-35.71390151977539,137.52099609375
KGD,Kaliningrad,RU,Khrabrovo Airport,54.89161,20.598559
KGF,Karaganda,KZ,Sary-Arka Airport,49.670799,73.334396
KGG,Kédougou,SN,Kédougou Airport,12.57229995727539,-12.22029972076416
KGI,Broadwood,AU,Kalgoorlie Boulder Airport,-30.791543,121.464586
KGJ,Karonga,MW,Karonga Airport,-9.953571,33.893264
KGL,Kigali,RW,Kigali International Airport,-1.96863,30.1395
KGP,Kogalym,RU,Kogalym International Airport,62.190399169921875,74.53379821777344
KGS,Kos Island,GR,"Kos International Airport ""Ippokratis""",36.794523,27.09115
KGT,Garzê (Kangding),CN,Kangding Airport,30.142464,101.73872
KGY,Kingaroy,AU,Kingaroy Airport,-26.581077,151.839927
KHD,Khoram Abad,IR,Khoram Abad Airport,33.43539810180664,48.282901763916016
KHE,Kherson,UA,Kherson International Airport,46.6758,32.506401
KHG,Kashgar,CN,Kashgar Laining International Airport,39.542273,76.02023
KHH,Kaohsiung (Xiaogang),TW,Kaohsiung International Airport,22.577101,120.349998
KHI,Karachi,PK,Jinnah International Airport,24.9065,67.160797
KHJ,Kauhajoki,FI,Kauhajoki Airfield,62.463212,22.390817
KHK,Khark,IR,Khark Airport,29.260503,50.322193
KHN,Nanchang,CN,Nanchang Changbei International Airport,28.864815,115.90271
KHS,Khasab,OM,Khasab Airport,26.171,56.240601
KHT,Khost,AF,Khost International Airport,33.284605,69.80734
KHV,Khabarovsk,RU,Khabarovsk Novy Airport,48.528338,135.188588
KHX,Kihihi,UG,Savannah Airstrip,-0.7165,29.6997
KID,Kristianstad,SE,Kristianstad Airport,55.9217,14.0855
KIH,Kish Island,IR,Kish International Airport,26.525427,53.980462
KIJ,Niigata,JP,Niigata Airport,37.954166,139.112189
KIK,Kirkuk,IQ,Kirkuk International Airport,35.469501,44.3489
KIM,Kimberley,ZA,Kimberley Airport,-28.805401,24.764872
KIN,Kingston,JM,Norman Manley International Airport,17.935699462890625,-76.7874984741211
KIR,Farranfore,IE,Kerry Airport,52.180901,-9.52378
KIS,Kisumu,KE,Kisumu International Airport,-0.086139,34.728901
KIW,Kitwe,ZM,Southdowns Airport,-12.9005,28.1499
KIX,Osaka,JP,Kansai International Airport,34.427299,135.244003
KJA,Krasnoyarsk,RU,Krasnoyarsk International Airport,56.175743,92.485788
KJB,Orvakal,IN,Kurnool Airport,15.716288,78.16923
KJH,Kaili  (Huangping),CN,Kaili Huangping Airport,26.972,107.988
KJI,Burqin,CN,Burqin Kanas Airport,48.2223,86.9959
KJK,Wevelgem,BE,Kortrijk-Wevelgem International Airport,50.818878,3.209551
KJT,Kertajati,ID,Kertajati International Airport,-6.647384,108.165561
KKC,Khon Kaen,TH,Khon Kaen Airport,16.466600418099997,102.783996582
KKE,Kerikeri,NZ,Kerikeri Airport,-35.259148,173.913317
KKJ,Kitakyushu,JP,Kitakyushu Airport,33.845901,131.035004
KKM,Lop Buri,TH,Khok Kathiam Airport,14.87462,100.663397
KKN,Kirkenes,NO,"Kirkenes Airport, Høybuktmoen",69.7258,29.8913
KKR,Raitahiti,PF,Kaukura Airport,-15.6633,-146.884995
KKS,Kashan,IR,Kashan Airport,33.895302,51.577
KKW,Kikwit,CD,Kikwit Airport,-5.03577,18.785601
KKX,Kikai,JP,Kikai Airport,28.321300506599997,129.927993774
KLC,Kaolack,SN,Kaolack Airport,14.146900177001953,-16.051300048828125
KLD,Tver,RU,Migalovo Air Base,56.82469940185547,35.7577018737793
KLF,Kaluga,RU,Grabtsevo Airport,54.5499992371,36.3666687012
KLH,Kolhapur,IN,Kolhapur Airport,16.6647,74.289398
KLO,Kalibo,PH,Kalibo International Airport,11.6794,122.375999
KLR,Kalmar,SE,Kalmar Airport,56.685501,16.2876
KLS,Kelso,US,Southwest Washington Regional Airport,46.11800003049999,-122.898002625
KLU,Klagenfurt am Wörthersee,AT,Klagenfurt Airport,46.642502,14.3377
KLV,Karlovy Vary,CZ,Karlovy Vary Airport,50.202999,12.915
KLW,Klawock,US,Klawock Airport,55.579201,-133.076004
KLX,Kalamata,GR,Kalamata Airport,37.06829833984375,22.02549934387207
KLZ,Kleinsee,ZA,Kleinsee Airport,-29.6884002686,17.093999862700002
KMA,Kerema,PG,Kerema Airport,-7.96361017227,145.770996094
KMC,King Khaled Military City,SA,King Khaled Military City Airport,27.9009,45.528198
KME,Kamembe,RW,Kamembe Airport,-2.462239980697632,28.907899856567383
KMG,Kunming,CN,Kunming Changshui International Airport,25.110313,102.936743
KMH,Kuruman,ZA,Johan Pienaar Airport,-27.456596,23.411946
KMI,Miyazaki,JP,Miyazaki Airport,31.877199,131.449005
KMJ,Kumamoto,JP,Kumamoto Airport,32.837299,130.854996
KMP,Keetmanshoop,NA,Keetmanshoop Airport,-26.539801,18.111401
KMQ,Kanazawa,JP,Komatsu Airport / JASDF Komatsu Air Base,36.393407,136.406895
KMS,Kumasi,GH,Prempeh I International Airport,6.71456,-1.59082
KMU,Kismayo,SO,Kismayo Airport,-0.377353,42.459202
KMW,Kostroma,RU,Kostroma Sokerkino Airport,57.796902,41.019402
KMX,Khamis Mushait,SA,King Khalid Air Base,18.2973,42.803501
KNA,Viña del Mar,CL,Viña del Mar Airport,-32.9496,-71.4786
KND,Kindu,CD,Kindu Airport,-2.91917991638,25.915399551399997
KNF,"King's Lynn, Norfolk",GB,RAF Marham,52.648395,0.550692
KNG,Kaimana,ID,Utarom Airport,-3.6446,133.695116
KNH,Shang-I,TW,Kinmen Airport,24.4279,118.359001
KNO,Beringin,ID,Kualanamu International Airport,3.637847,98.870566
KNQ,Koné,NC,Koné Airport,-21.053551,164.838768
KNR,Jam,IR,Jam Airport,27.820499,52.3522
KNS,King Island,AU,King Island Airport,-39.877498626708984,143.8780059814453
KNU,Kanpur,IN,Kanpur Airport,26.404301,80.410103
KNX,Kununurra,AU,East Kimberley Regional (Kununurra) Airport,-15.7781,128.707993
KOA,Kailua-Kona,US,Ellison Onizuka Kona International Airport at Keāhole,19.738783,-156.045603
KOE,Kupang,ID,El Tari Airport,-10.1716,123.670998
KOI,"Kirkwall, Orkney Islands",GB,Kirkwall Airport,58.957903,-2.905077
KOJ,Kagoshima,JP,Kagoshima Airport,31.8034,130.718994
KOK,Kokkola / Kruunupyy,FI,Kokkola-Pietarsaari Airport,63.721199,23.143101
KOP,Nakhon Phanom,TH,Nakhon Phanom Airport,17.383801,104.642998
KOS,Preah Sihanouk,KH,Sihanouk International Airport,10.570557,103.632067
KOU,Koulamoutou,GA,Koulamoutou Mabimbi Airport,-1.18461,12.4413
KOV,Kokshetau,KZ,Kokshetau International Airport,53.329102,69.594597
KPC,Port Clarence,US,Port Clarence Coast Guard Station,65.2537002563,-166.85899353
KPO,Pohang,KR,Pohang Airport (G-815/K-3),35.987955,129.420383
KPS,Kempsey,AU,Kempsey Airport,-31.07232,152.765313
KPW,Keperveem,RU,Keperveem Airport,67.845001,166.139999
KQH,Ajmer (Kishangarh),IN,Kishangarh Airport Ajmer,26.591007,74.812956
KQT,Bokhtar,TJ,Bokhtar International Airport,37.866315,68.864475
KRA,Kerang,AU,Kerang Airport,-35.751399993896484,143.93899536132812
KRF,Nyland,SE,Kramfors-Sollefteå Höga Kusten Airport,63.048599,17.7689
KRK,Balice,PL,Kraków John Paul II International Airport,50.077702,19.7848
KRL,Korla,CN,Korla Licheng Airport,41.614979,86.140817
KRN,Kiruna,SE,Kiruna Airport,67.821999,20.3368
KRO,Kurgan,RU,Kurgan Airport,55.4753,65.415604
KRP,Karup,DK,Midtjyllands Airport / Air Base Karup,56.297139,9.104311
KRR,Krasnodar,RU,Krasnodar Pashkovsky International Airport,45.034465,39.174215
KRS,Kristiansand(Kjevik),NO,Kristiansand Airport,58.204201,8.08537
KRT,Khartoum,SD,Khartoum International Airport,15.5895,32.5532
KRW,Turkmenbaşy,TM,Turkmenbaşy International Airport,40.062833,53.005085
KSA,Okat,FM,Kosrae International Airport,5.35698,162.957993
KSC,Košice,SK,Košice International Airport,48.663101,21.2411
KSD,Karlstad,SE,Karlstad Airport,59.444698,13.3374
KSF,Calden,DE,Kassel Airport,51.418395,9.391638
KSH,Kermanshah,IR,Shahid Ashrafi Esfahani Airport,34.3459014893,47.1581001282
KSK,Karlskoga,SE,Karlskoga Airport,59.345901,14.4959
KSL,Kassala,SD,Kassala Airport,15.387499809265137,36.328800201416016
KSN,Kostanay,KZ,Kostanay International Airport,53.206902,63.550301
KSU,Kvernberget,NO,"Kristiansund Airport, Kvernberget",63.111801,7.82452
KSY,Kars,TR,Kars Airport,40.562198638916016,43.1150016784668
KSZ,Kotlas,RU,Kotlas Airport,61.235801696777344,46.6974983215332
KTA,Karratha,AU,Karratha Airport,-20.712200164799995,116.773002625
KTD,Kitadaitōjima,JP,Kitadaito Airport,25.9447002411,131.32699585
KTE,Kerteh,MY,Kerteh Airport,4.53722,103.427002
KTG,Ketapang,ID,Rahadi Osman Airport,-1.817165,109.963469
KTI,Phnom Penh (Boeng Khyang),KH,Techo International Airport,11.359987,104.921272
KTL,Kitale,KE,Kitale Airport,0.971989,34.958599
KTM,Kathmandu,NP,Tribhuvan International Airport,27.6966,85.3591
KTN,Ketchikan,US,Ketchikan International Airport,55.35559845,-131.7140045
KTP,Tinson Pen,JM,Tinson Pen Airport,17.98859977722168,-76.82379913330078
KTQ,Kitee,FI,Kitee Airport,62.1661,30.073601
KTR,Tindal,AU,Tindal Airport,-14.521100044250488,132.3780059814453
KTT,Kittilä,FI,Kittilä International Airport,67.700996,24.8468
KTU,Kota,IN,Kota Airport,25.160200119,75.84559631350001
KTW,Katowice,PL,Katowice Wojciech Korfanty International Airport,50.476015,19.080705
KUA,Kuantan,MY,Kuantan Airport,3.7753899097442627,103.20899963378906
KUF,Samara,RU,Kurumoch International Airport,53.504902,50.164299
KUH,Kushiro,JP,Kushiro Airport,43.041,144.192993
KUL,Sepang,MY,Kuala Lumpur International Airport,2.74558,101.709999
KUM,Yakushima,JP,Yakushima Airport,30.385599,130.658997
KUN,Kaunas,LT,Kaunas International Airport,54.963965,24.08582
KUO,Kuopio / Siilinjärvi,FI,Kuopio Airport,63.007099,27.7978
KUS,Kulusuk,GL,Kulusuk Airport,65.573601,-37.1236
KUT,Kopitnari,GE,David the Builder Kutaisi International Airport,42.177448,42.485353
KUU,Bhuntar,IN,Kullu Manali Airport,31.876699,77.154404
KUV,Gunsan,KR,Gunsan Airport / Gunsan Air Base,35.903801,126.615997
KVA,Kavala,GR,Kavala Alexander the Great International Airport,40.9133,24.6192
KVB,Skövde,SE,Skövde Airport,58.456402,13.9727
KVG,Kavieng,PG,Kavieng Airport,-2.57940006256,150.807998657
KVO,Kraljevo,RS,Morava Airport,43.817519,20.586662
KVX,Kirov,RU,Pobedilovo Airport,58.503883,49.347831
KWA,Kwajalein,MH,Bucholz Army Air Field,8.720120429992676,167.73199462890625
KWE,Guiyang (Nanming),CN,Guiyang Longdongbao International Airport,26.541805,106.80402
KWG,Kryvyi Rih,UA,Kryvyi Rih International Airport,48.043301,33.209999
KWI,Kuwait City,KW,Kuwait International Airport,29.224487,47.969813
KWJ,Gwangju,KR,Gwangju Airport,35.123173,126.805444
KWL,Guilin (Lingui),CN,Guilin Liangjiang International Airport,25.219828,110.039553
KWM,Kowanyama,AU,Kowanyama Airport,-15.485369,141.752572
KWY,Kiwayu,KE,Kiwayu Airport,-1.960644,41.297156
KWZ,Kolwezi,CD,Kolwezi Airport,-10.7659,25.505699
KXB,Kolaka,ID,Sangia Nibandera Airport,-4.338158,121.524047
KXE,Klerksdorp,ZA,P C Pelser Airport,-26.871099,26.718
KXK,Komsomolsk-on-Amur,RU,Komsomolsk-on-Amur Airport,50.409,136.934006
KYA,Konya,TR,Konya Airport,37.979,32.561901
KYD,Orchid Island,TW,Lanyu Airport,22.027000427246094,121.53500366210938
KYE,Tripoli,LB,Rene Mouawad Air Base,34.589298,36.011299
KYP,Kyaukpyu,MM,Kyaukpyu Airport,19.42639923095703,93.53479766845703
KYS,Kayes,ML,Kayes Dag Dag Airport,14.482521,-11.399335
KYZ,Kyzyl,RU,Kyzyl Airport,51.669399,94.400597
KZI,Kozani,GR,Kozani National Airport Filippos,40.286098,21.840799
KZN,Kazan,RU,Kazan International Airport,55.606201,49.278702
KZO,Kyzylorda,KZ,Korkyt Ata International Airport,44.706902,65.592499
KZR,Altıntaş,TR,Zafer Airport,39.111107,30.130405
LAA,Lamar,US,Southeast Colorado Regional Airport,38.066407,-102.691373
LAD,Luanda,AO,Quatro de Fevereiro International Airport,-8.85837,13.2312
LAE,Lae,PG,Nadzab Tomodachi International Airport,-6.567995,146.726544
LAF,West Lafayette,US,Purdue University Airport,40.412875,-86.939363
LAI,Lannion,FR,Lannion Airport,48.754398,-3.47166
LAJ,Lages,BR,Lages Airport,-27.782101,-50.281502
LAL,Lakeland,US,Lakeland Linder International Airport,27.989267,-82.020715
LAN,Lansing,US,Capital Region International Airport,42.777582,-84.585721
LAO,Laoag City,PH,Laoag International Airport,18.175089,120.531006
LAP,La Paz,MX,Manuel Márquez de León International Airport,24.072331,-110.362662
LAQ,Al Albraq,LY,Al Abraq International Airport,32.789036,21.954864
LAR,Laramie,US,Laramie Regional Airport,41.31209945678711,-105.67500305175781
LAS,Las Vegas,US,Harry Reid International Airport,36.083361,-115.151817
LAU,Lamu,KE,Manda Airport,-2.252431,40.912892
LAW,Lawton,US,Lawton Fort Sill Regional Airport,34.567699,-98.416603
LAX,Los Angeles,US,Los Angeles International Airport,33.942501,-118.407997
LAY,Ladysmith,ZA,Ladysmith Airport,-28.5816993713,29.749700546299998
LAZ,Bom Jesus da Lapa,BR,Bom Jesus da Lapa Airport,-13.2621,-43.4081
LBA,"Leeds, West Yorkshire",GB,Leeds Bradford Airport,53.865898,-1.66057
LBB,Lubbock,US,Lubbock Preston Smith International Airport,33.663601,-101.822998
LBC,Lübeck,DE,Lübeck Blankensee Airport,53.805401,10.7192
LBD,Khujand,TJ,Khujand International Airport,40.215401,69.694702
LBE,Latrobe,US,Arnold Palmer Regional Airport,40.275902,-79.4048
LBF,North Platte,US,North Platte Regional Airport Lee Bird Field,41.12620163,-100.6839981
LBG,Paris,FR,Paris-Le Bourget International Airport,48.962276,2.436539
LBI,Albi,FR,Albi Le Sequestre airport,43.913898,2.11306
LBL,Liberal,US,Liberal Mid-America Regional Airport,37.0442009,-100.9599991
LBQ,Lambarene,GA,Lambarene Airport,-0.704389,10.2457
LBS,Labasa,FJ,Labasa Airport,-16.4667,179.339996
LBT,Lumberton,US,Lumberton Regional Airport,34.610773,-79.05943
LBU,Labuan,MY,Labuan Airport,5.301667,115.248333
LBV,Libreville,GA,Libreville Leon M'ba International Airport,0.458951,9.41214
LBX,Lubang,PH,Lubang Airport,13.8554,120.105003
LBY,La Baule-Escoublac,FR,La Baule-Escoublac Airport,47.289398,-2.34639
LCA,Larnaca,CY,Larnaca International Airport,34.875099,33.624901
LCC,Galatina (LE),IT,Lecce Galatina Air Base / Galatina Fortunato Cesari Airport,40.239201,18.133301
LCE,La Ceiba,HN,Golosón International Airport,15.7425,-86.852997
LCG,Culleredo,ES,A Coruña Airport,43.302101,-8.37726
LCH,Lake Charles,US,Lake Charles Regional Airport,30.126100540161133,-93.22329711914062
LCJ,Łódź,PL,Łódź Władysław Reymont Airport,51.721901,19.3981
LCK,Columbus,US,Rickenbacker International Airport,39.813801,-82.927803
LCX,Longyan (Liancheng),CN,Liancheng Guanzhishan Airport,25.67592,116.745907
LCY,London,GB,London City Airport,51.505299,0.055278
LDB,Londrina,BR,Governor José Richa Airport,-23.334375,-51.128365
LDE,Tarbes/Lourdes/Pyrénées,FR,Tarbes-Lourdes-Pyrénées Airport,43.178699,-0.006439
LDS,Yichun,CN,Yichun Lindu Airport,47.752056,129.019125
LDU,Lahad Datu,MY,Lahad Datu Airport,5.03241,118.32376
LDV,Landivisiau,FR,Landivisiau Air Base,48.5303,-4.15164
LDX,Saint-Laurent-du-Maroni,GF,Saint-Laurent-du-Maroni Airport,5.481891,-54.034964
LDY,"Derry, Derry and Strabane",GB,City of Derry Airport,55.042801,-7.16111
LEA,Exmouth,AU,Learmonth Airport,-22.235201,114.090024
LEB,Lebanon,US,Lebanon Municipal Airport,43.626098632799994,-72.30419921880001
LED,St. Petersburg,RU,Pulkovo Airport,59.800301,30.262501
LEE,Leesburg,US,Leesburg International Airport,28.82309914,-81.80870056
LEH,Le Havre,FR,Le Havre-Octeville Airport,49.534038,0.088406
LEI,Almería,ES,Almería Airport,36.843899,-2.3701
LEJ,Schkeuditz,DE,Leipzig/Halle Airport,51.420657,12.232705
LEN,La Virgen del Camino,ES,León Airport,42.590709,-5.653406
LER,Leinster,AU,Leinster Airport,-27.843299865722656,120.7030029296875
LET,Leticia,CO,Alfredo Vásquez Cobo International Airport,-4.191147,-69.942003
LEU,La Seu d'Urgell Pyrenees and Andorra,ES,Pirineus - la Seu d'Urgel Airport,42.3386,1.40917
LEX,Lexington,US,Blue Grass Airport,38.035066,-84.606738
LEY,Lelystad,NL,Lelystad Airport,52.453188,5.514622
LFI,Hampton,US,Langley Air Force Base,37.082901,-76.360497
LFK,Lufkin,US,Angelina County Airport,31.2339992523,-94.75
LFM,Lamerd,IR,Lamerd Airport,27.3727,53.188801
LFQ,Linfen (Yaodu),CN,Linfen Yaodu Airport,36.132629,111.641236
LFR,La Fria,VE,La Fria Airport,8.239167,-72.271027
LFT,Lafayette,US,Lafayette Regional Airport,30.205299,-91.987602
LFW,Lomé,TG,Lomé–Tokoin International Airport,6.16561,1.25451
LGA,New York,US,LaGuardia Airport,40.777199,-73.872597
LGB,Long Beach,US,Long Beach International Airport,33.816523,-118.149891
LGG,Grâce-Hollogne,BE,Liège Airport,50.638574,5.443897
LGH,Leigh Creek,AU,Leigh Creek Airport,-30.598301,138.425995
LGI,Deadman's Cay,BS,Deadman's Cay Airport,23.1790008545,-75.09359741210001
LGK,Langkawi,MY,Langkawi International Airport,6.32973,99.728699
LGR,Cochrane,CL,Cochrane Airport,-47.243591,-72.58815
LGS,Malargue,AR,Comodoro D.R. Salomón Airport,-35.493599,-69.574303
LGU,Logan,US,Logan-Cache Airport,41.7911987305,-111.851997375
LGW,London,GB,London Gatwick Airport,51.148744,-0.185739
LHA,Lahr/Schwarzwald,DE,Lahr Airport,48.369301,7.82772
LHE,Lahore,PK,Allama Iqbal International Airport,31.521601,74.403603
LHG,Lightning Ridge,AU,Lightning Ridge Airport,-29.452857,147.977146
LHK,Xiangyang (Laohekou),CN,Guangzhou MR Air Base / Guanghua Airport,32.38866,111.69425
LHL,Lachin,AZ,Lachin International Airport,39.883787,46.363137
LHN,Linhares,BR,Linhares Municipal Airport,-19.355202,-40.07128
LHR,London,GB,London Heathrow Airport,51.470748,-0.459909
LHS,Las Heras,AR,Las Heras Airport,-46.538517,-68.965323
LHW,Lanzhou (Yongdeng),CN,Lanzhou Zhongchuan International Airport,36.515202,103.620003
LIF,Lifou,NC,Lifou Airport,-20.774563,167.239328
LIG,Limoges/Bellegarde,FR,Limoges Airport,45.862801,1.17944
LIH,"Lihue, Kauai",US,Lihue Airport,21.974393,-159.337146
LIL,Lesquin,FR,Lille Airport,50.566564,3.102429
LIM,Lima,PE,Jorge Chávez International Airport,-12.0219,-77.114305
LIN,Segrate (MI),IT,Milano Linate Airport,45.445099,9.27674
LIO,Limón,CR,Limón International Airport,9.95796,-83.022003
LIP,Lins,BR,Lins Airport,-21.663491,-49.729954
LIQ,Lisala,CD,Lisala Airport,2.17066,21.496901
LIR,Liberia,CR,Daniel Oduber Quirós International Airport,10.5933,-85.544403
LIS,Lisbon,PT,Lisbon Humberto Delgado Airport,38.7813,-9.13592
LIT,Little Rock,US,Bill & Hillary Clinton National Airport/Adams Field,34.729222,-92.223591
LIW,Loikaw,MM,Loikaw Airport,19.691499710083008,97.21479797363281
LJG,Lijiang,CN,Lijiang Sanyi International Airport,26.677483,100.244944
LJN,Angleton,US,Texas Gulf Coast Regional Airport,29.108601,-95.462097
LJU,Zgornji Brnik,SI,Ljubljana Jože Pučnik Airport,46.223701,14.4576
LKG,Lokichogio,KE,Lokichogio Airport,4.20412,34.348202
LKL,Lakselv,NO,"Lakselv Airport, Banak",70.068802,24.973499
LKN,Leknes,NO,Leknes Airport,68.152496337891,13.609399795532
LKO,Lucknow,IN,Chaudhary Charan Singh International Airport,26.760599,80.889297
LKY,Lake Manyara National Park,TZ,Lake Manyara Airport,-3.37631,35.818298
LKZ,"Brandon, Suffolk",GB,RAF Lakenheath,52.40954,0.561161
LLA,Luleå,SE,Luleå Airport,65.5438,22.122
LLC,Lal-lo,PH,Cagayan North International Airport,18.182388,121.746223
LLF,Yongzhou,CN,Yongzhou Lingling Airport,26.338661,111.610043
LLV,Lüliang,CN,Lüliang Dawu Airport,37.683333,111.142778
LLW,Lumbadzi,MW,Kamuzu International Airport,-13.7894,33.780998
LME,"Le Mans, Sarthe",FR,Le Mans-Arnage Airport,47.948604,0.201702
LMM,Los Mochis,MX,Valle del Fuerte International Airport,25.685503,-109.081159
LMN,Limbang,MY,Limbang Airport,4.808300018310547,115.01000213623047
LMO,"Lossiemouth, Moray",GB,RAF Lossiemouth,57.7052,-3.33917
LMP,Lampedusa,IT,Lampedusa Airport,35.497898,12.6181
LMQ,Marsa al Brega,LY,Marsa al Brega Airport,30.378099,19.576401
LMR,Lime Acres,ZA,Lime Acres Finsch Mine Airport,-28.36009979248047,23.43910026550293
LMT,Klamath Falls,US,Crater Lake-Klamath Regional Airport,42.156101,-121.733002
LND,Lander,US,Hunt Field,42.815201,-108.730003
LNJ,Lincang,CN,Lincang Boshang Airport,23.7381,100.025002
LNK,Lincoln,US,Lincoln Airport,40.844882,-96.76178
LNL,Longnan (Cheng),CN,Longnan Chengzhou Airport,33.789918,105.790014
LNO,Leonora,AU,Leonora Airport,-28.87809944152832,121.31500244140625
LNS,Lancaster,US,Lancaster Airport,40.121700286865234,-76.29609680175781
LNX,Smolensk,RU,Smolensk North Airport,54.824,32.025
LNY,Lanai City,US,Lanai Airport,20.785675,-156.951324
LNZ,Linz,AT,Linz-Hörsching Airport,48.235362,14.188128
LOE,Loei,TH,Loei Airport,17.43910026550293,101.72200012207031
LOK,Lodwar,KE,Lodwar Airport,3.12197,35.6087
LOL,Lovelock,US,Derby Field,40.0663986206,-118.565002441
LOO,Laghouat,DZ,Laghouat - Molay Ahmed Medeghri Airport,33.7644,2.92834
LOP,"Mataram (Pujut, Lombok Tengah)",ID,Lombok International Airport,-8.759962,116.278169
LOS,Lagos,NG,Murtala Muhammed International Airport,6.57737,3.32116
LOU,Louisville,US,Bowman Field,38.2280006409,-85.6636962891
LOV,Monclova,MX,Monclova International Airport,26.9557,-101.470001
LOZ,London,US,London-Corbin Airport/Magee Field,37.0821990967,-84.08489990230001
LPA,Gran Canaria Island,ES,Gran Canaria Airport,27.9319,-15.3866
LPB,La Paz / El Alto,BO,El Alto International Airport,-16.510272,-68.189416
LPF,Liupanshui (Zhongshan),CN,Liupanshui Yuezhao Airport,26.609417,104.979
LPG,La Plata,AR,La Plata Airport,-34.9722,-57.8947
LPI,Linköping,SE,Linköping City Airport,58.404909,15.684499
LPK,Lipetsk,RU,Lipetsk Airport,52.702801,39.5378
LPL,Liverpool,GB,Liverpool John Lennon Airport,53.334863,-2.849637
LPP,Lappeenranta,FI,Lappeenranta Airport,61.044601,28.144743
LPQ,Luang Phabang,LA,Luang Phabang International Airport,19.904273,102.167191
LPT,Lampang,TH,Lampang Airport,18.27090072631836,99.50420379638672
LPX,Liepāja,LV,Liepāja International Airport,56.517502,21.096901
LRD,Laredo,US,Laredo International Airport,27.5438,-99.461601
LRE,Longreach,AU,Longreach Airport,-23.43202,144.277492
LRF,Jacksonville,US,Little Rock Air Force Base,34.916900634799994,-92.14969635010002
LRH,La Rochelle,FR,La Rochelle Île de Ré Airport,46.179199,-1.19528
LRL,Niamtougou,TG,Niamtougou International Airport,9.766675,1.090944
LRM,La Romana,DO,Casa De Campo International Airport,18.452222,-68.911111
LRR,Lar,IR,Lar Airport,27.6747,54.383301
LRT,Lorient/Lann/Bihoué,FR,Lorient South Brittany (Bretagne Sud) Airport,47.760601,-3.44
LRU,Las Cruces,US,Las Cruces International Airport,32.289398,-106.921997
LSC,La Serena-Coquimbo,CL,La Florida Airport,-29.916201,-71.199501
LSE,La Crosse,US,La Crosse Regional Airport,43.879002,-91.256699
LSF,Fort Benning,US,Lawson Army Air Field,32.332546,-84.988003
LSG,Leshan (Wutongqiao),CN,Leshan Airport,29.438627,103.749218
LSH,Lashio,MM,Lashio Airport,22.9778995513916,97.752197265625
LSI,"Lerwick, Shetland",GB,Sumburgh Airport,59.878899,-1.29556
LSL,Los Chiles,CR,Los Chiles Airport,11.0353,-84.7061
LSP,Paraguaná,VE,Josefa Camejo International Airport,11.780775,-70.151497
LSR,Kutacane,ID,Alas Leuser Airport,3.391456,97.863726
LST,Launceston (Western Junction),AU,Launceston Airport,-41.544935,147.210785
LSV,Las Vegas,US,Nellis Air Force Base,36.2361984253,-115.033996582
LSX,Lhok Sukon-Sumatra Island,ID,Lhok Sukon Airport,5.06951,97.259201
LSY,Lismore,AU,Lismore Airport,-28.830689,153.258419
LTA,Tzaneen,ZA,Tzaneen Airport,-23.8244,30.3293
LTD,Ghadames,LY,Ghadames Airport,30.145484,9.702095
LTH,Ho Chi Minh City (Long Thanh),VN,Long Thanh International Airport (Under Construction),10.772842,107.040596
LTI,Altai,MN,Altai Airport,46.376399993896484,96.22109985351562
LTK,Latakia,SY,Latakia International Airport,35.4011,35.9487
LTM,Lethem,GY,Lethem Airport,3.37276,-59.789398
LTN,"Luton, Luton",GB,London Luton Airport,51.874699,-0.368333
LTO,Loreto,MX,Loreto International Airport,25.989549,-111.348408
LTQ,Le Touquet-Paris-Plage,FR,Le Touquet-Côte d'Opale Airport,50.518284,1.621656
LTS,Altus,US,Altus Air Force Base,34.667099,-99.266701
LTU,Latur,IN,Murod Kond Airport,18.411501,76.464699
LTX,Latacunga,EC,Cotopaxi International Airport,-0.906833,-78.615799
LUA,Lukla,NP,Tenzing-Hillary Airport,27.686768,86.729479
LUD,Luderitz,NA,Luderitz Airport,-26.687400817871094,15.242899894714355
LUF,Glendale,US,Luke Air Force Base,33.535,-112.383003
LUG,Agno,CH,Lugano Airport,46.004299,8.91058
LUH,Ludhiana,IN,Ludhiana Airport,30.854700088500977,75.95259857177734
LUK,Cincinnati,US,Cincinnati Municipal Airport Lunken Field,39.102357,-84.418945
LUM,Dehong (Mangshi),CN,Dehong Mangshi International Airport,24.4011,98.5317
LUN,Lusaka,ZM,Kenneth Kaunda International Airport,-15.330833,28.452722
LUO,Luena,AO,Luena Airport,-11.7681,19.897699
LUQ,San Luis,AR,Brigadier Mayor D Cesar Raul Ojeda Airport,-33.273201,-66.3564
LUR,Cape Lisburne,US,Cape Lisburne LRRS Airport,68.875099,-166.110001
LUV,Langgur,ID,Karel Sadsuitubun Airport,-5.760278,132.759444
LUW,Luwok,ID,Syukuran Aminuddin Amir Airport,-1.035893,122.773934
LUX,Luxembourg,LU,Luxembourg-Findel International Airport,49.626845,6.212134
LUZ,Lublin,PL,Lublin Airport,51.240157,22.713461
LVA,"Laval, Mayenne",FR,Laval-Entrammes Airport,48.032208,-0.743999
LVI,Livingstone,ZM,Harry Mwanga Nkumbula International Airport,-17.821524,25.819642
LVM,Livingston,US,Mission Field,45.6994018555,-110.447998047
LVP,Lavan Airport,IR,Lavan Airport,26.810742,53.354302
LVS,Las Vegas,US,Las Vegas Municipal Airport,35.654202,-105.141998
LWB,Lewisburg,US,Greenbrier Valley Airport,37.857914,-80.400438
LWM,Lawrence,US,Lawrence Municipal Airport,42.717201232899995,-71.1233978271
LWN,Gyumri,AM,Shirak International Airport,40.750401,43.859299
LWO,Lviv,UA,Lviv International Airport,49.8125,23.9561
LWR,Leeuwarden,NL,Leeuwarden Air Base,53.228599548339844,5.760560035705566
LWS,Lewiston,US,Lewiston Nez Perce County Airport,46.3745002746582,-117.01499938964844
LWT,Lewistown,US,Lewistown Municipal Airport,47.048429,-109.466143
LXA,Shannan (Gonggar),CN,Lhasa Gonggar International Airport,29.298001,90.911951
LXR,Luxor,EG,Luxor International Airport,25.671018,32.706446
LYA,Luoyang (Laocheng),CN,Luoyang Beijiao Airport,34.7411,112.388
LYB,Blossom Village,KY,Edward Bodden Little Cayman Airfield,19.660161,-80.088826
LYC,Lycksele,SE,Lycksele Airport,64.548302,18.7162
LYG,Lianyungang,CN,Lianyungang Huaguoshan International Airport,34.41406,119.17899
LYH,Lynchburg,US,Lynchburg Regional Airport - Preston Glenn Field,37.326698,-79.200401
LYI,Linyi (Hedong),CN,Linyi Qiyang Airport,35.052918,118.411828
LYN,"Chassieu, Lyon",FR,Lyon Bron Airport,45.727947,4.943991
LYP,Faisalabad,PK,Faisalabad International Airport,31.364923,72.995319
LYR,Longyearbyen,NO,"Svalbard Airport, Longyear",78.246101,15.4656
LYS,"Colombier-Saugnieu, Rhône",FR,Lyon Saint-Exupéry Airport,45.725996,5.090139
LYU,Ely,US,Ely Municipal Airport,47.82450104,-91.83070374
LYX,"Romney Marsh, Kent",GB,Lydd London Ashford Airport,50.956246,0.939074
LZC,Lázaro Cárdenas,MX,Lázaro Cárdenas Airport,18.001672,-102.220316
LZG,Nanchong (Langzhong),CN,Langzhong Gucheng Airport,31.50191,106.034417
LZH,Liuzhou (Liujiang),CN,Liuzhou Bailian Airport / Bailian Air Base,24.2075,109.390999
LZN,Matsu (Nangan),TW,Matsu Nangan Airport,26.159656,119.958376
LZO,Luzhou (Yunlong),CN,Luzhou Yunlong Airport,29.030357,105.468407
LZY,Nyingchi (Mainling),CN,Nyingchi Mainling Airport,29.303301,94.335297
MAA,Chennai,IN,Chennai International Airport,12.990005,80.169296
MAB,Marabá,BR,João Correa da Rocha Airport,-5.36859,-49.138
MAD,Madrid,ES,Adolfo Suárez Madrid–Barajas Airport,40.493407,-3.572249
MAF,Midland,US,Midland International Air and Space Port,31.942499,-102.202003
MAG,Madang,PG,Madang Airport,-5.20707988739,145.789001465
MAH,Mahón (Maó),ES,Menorca Airport,39.862598,4.21865
MAJ,Majuro Atoll,MH,Marshall Islands International Airport,7.06511,171.271656
MAK,Malakal,SS,Malakal International Airport,9.558739,31.651937
MAM,Matamoros,MX,General Servando Canales International Airport,25.7698993683,-97.5252990723
MAN,"Manchester, Greater Manchester",GB,Manchester Airport,53.349375,-2.279521
MAO,Manaus,BR,Eduardo Gomes International Airport,-3.03861,-60.049702
MAQ,Mae Sot,TH,Mae Sot Airport,16.699899673461914,98.54509735107422
MAR,Maracaibo,VE,La Chinita International Airport,10.557542,-71.729307
MAS,Manus Island,PG,Momote Airport,-2.06189,147.423996
MAU,Maupiti,PF,Maupiti Airport,-16.42650032043457,-152.24400329589844
MAX,Ouro Sogui,SN,Ouro Sogui Airport,15.5936,-13.3228
MAY,Mangrove Cay,BS,Clarence A. Bain Airport,24.287701,-77.684601
MAZ,Mayaguez,PR,Eugenio Maria De Hostos Airport,18.255699,-67.148499
MBA,Mombasa,KE,Moi International Airport,-4.03483,39.5942
MBD,Mafeking,ZA,Mmabatho International Airport,-25.798400878900004,25.548000335699996
MBE,Monbetsu,JP,Monbetsu Airport,44.303901672399995,143.404006958
MBG,Mobridge,US,Mobridge Municipal Airport,45.54650116,-100.4079971
MBI,Mbeya,TZ,Songwe Airport,-8.919942,33.273981
MBJ,Montego Bay,JM,Sangster International Airport,18.50342,-77.91323
MBO,Mamburao,PH,Mamburao Airport,13.208048,120.605457
MBS,Freeland,US,MBS International Airport,43.533181,-84.083104
MBT,Masbate,PH,Moises R. Espinosa Airport,12.369682,123.630095
MBW,Melbourne,AU,Melbourne Moorabbin Airport,-37.977765,145.099799
MBX,Maribor,SI,Maribor Edvard Rusjan Airport,46.4799,15.6861
MCB,McComb,US,McComb-Pike County Airport / John E Lewis Field,31.178499,-90.471901
MCC,Sacramento,US,McClellan Airfield,38.667599,-121.401001
MCE,Merced,US,Merced Regional Macready Field,37.284698,-120.514
MCF,Tampa,US,MacDill Air Force Base,27.8493,-82.521202
MCG,McGrath,US,McGrath Airport,62.95289993,-155.6060028
MCI,Kansas City,US,Kansas City International Airport,39.301699,-94.713893
MCJ,La Mina-Maicao,CO,Jorge Isaac Airport,11.2325,-72.4901
MCK,McCook,US,McCook Ben Nelson Regional Airport,40.207787,-100.592794
MCN,Macon,US,Middle Georgia Regional Airport,32.69279861450195,-83.64920043945312
MCO,Orlando,US,Orlando International Airport,28.429399490356445,-81.30899810791016
MCP,Macapá,BR,Macapá - Alberto Alcolumbre International Airport,0.050664,-51.072201
MCS,Monte Caseros,AR,Monte Caseros Airport,-30.2719,-57.6402
MCT,Muscat/Seeb,OM,Muscat International Airport,23.600218,58.285268
MCU,"Lépaud, Creuse",FR,Montluçon-Guéret Airport,46.222599,2.36396
MCW,Mason City,US,Mason City Municipal Airport,43.159801,-93.329716
MCX,Makhachkala,RU,Makhachkala Uytash International Airport,42.816799,47.652302
MCY,Maroochydore,AU,Sunshine Coast Airport,-26.593324,153.08319
MCZ,Maceió,BR,Zumbi dos Palmares International Airport,-9.512559,-35.791839
MDC,Manado,ID,Sam Ratulangi International Airport,1.548591,124.92625
MDE,Medellín,CO,Jose Maria Córdova International Airport,6.16454,-75.4231
MDG,Mudanjiang,CN,Mudanjiang Hailang International Airport,44.525172,129.568634
MDH,Murphysboro,US,Southern Illinois Airport,37.778099,-89.251999
MDI,Makurdi,NG,Makurdi Airport,7.70388,8.61394
MDK,Mbandaka,CD,Mbandaka Airport,0.0226000007242,18.2887001038
MDL,Mandalay,MM,Mandalay International Airport,21.702199935913086,95.97789764404297
MDQ,Mar del Plata,AR,Ástor Piazzola International Airport,-37.9342,-57.5733
MDT,Harrisburg,US,Harrisburg International Airport,40.192838,-76.762333
MDU,Mendi,PG,Mendi Airport,-6.14774,143.656998
MDW,Chicago,US,Chicago Midway International Airport,41.785999,-87.752403
MDY,Sand Island,UM,Henderson Field,28.2017,-177.380997
MDZ,Mendoza,AR,Governor Francisco Gabrielli International Airport,-32.831699,-68.7929
MEA,Macaé,BR,Macaé Benedito Lacerda Airport,-22.343,-41.765999
MEB,Essendon Fields,AU,Melbourne Essendon Airport,-37.7281,144.901993
MEC,Manta,EC,Eloy Alfaro International Airport,-0.9460780024528503,-80.67880249023438
MED,Medina,SA,Prince Mohammad Bin Abdulaziz Airport,24.5534,39.705101
MEE,Maré,NC,Maré Airport,-21.482438,168.038465
MEG,Malanje,AO,Malanje Airport,-9.525090217590332,16.312400817871094
MEH,Mehamn,NO,Mehamn Airport,71.029701,27.8267
MEI,Meridian,US,Key Field / Meridian Regional Airport,32.3326,-88.7519
MEK,Meknes,MA,Bassatine Airport,33.879101,-5.51512
MEL,Melbourne,AU,Melbourne Airport,-37.670732,144.837898
MEM,Memphis,US,Frederick W. Smith International Airport,35.043845,-89.97634
MEN,Mende/Brénoux,FR,Mende-Brenoux Airfield,44.502102,3.53282
MEQ,Kuala Pesisir,ID,Cut Nyak Dhien Airport,4.040998,96.253312
MER,Merced,US,Castle Airport,37.38050079,-120.5680008
MES,Medan,ID,Soewondo Air Force Base,3.558425,98.672275
MEU,Almeirim,BR,Monte Dourado - Serra do Areão Airport,-0.889839,-52.6022
MEX,Mexico City,MX,Mexico City Benito Juárez International Airport,19.435822,-99.07033
MFD,Mansfield,US,Mansfield Lahm Regional Airport,40.82139968869999,-82.5166015625
MFE,McAllen,US,McAllen Miller International Airport,26.176141,-98.237965
MFH,Mesquite,US,Mesquite Airport,36.833105,-114.055928
MFK,Matsu (Beigan),TW,Matsu Beigan Airport,26.22414,120.002679
MFM,Nossa Senhora do Carmo,MO,Macau International Airport,22.149599,113.592003
MFQ,Maradi,NE,Maradi Airport,13.5025,7.12675
MFR,Medford,US,Rogue Valley International-Medford Airport,42.374199,-122.873001
MFU,Mfuwe,ZM,Mfuwe International Airport,-13.2589,31.9366
MGA,Managua,NI,Augusto C. Sandino (Managua) International Airport,12.1415,-86.168198
MGB,Mount Gambier,AU,Mount Gambier Airport,-37.744382,140.780561
MGC,Michigan City,US,Michigan City Municipal Airport,41.7033,-86.821198
MGE,Marietta,US,Dobbins Air Reserve Base,33.915401,-84.516296
MGF,Maringá,BR,Regional de Maringá - Sílvio Name Júnior Airport,-23.47606,-52.016187
MGH,Margate,ZA,Margate Airport,-30.8574008942,30.343000412
MGL,Mönchengladbach,DE,Mönchengladbach Airport,51.230278,6.504444
MGM,Montgomery,US,Montgomery Regional (Dannelly Field) Airport,32.300598,-86.393997
MGN,Magangué,CO,Baracoa Airport,9.28474,-74.8461
MGQ,Mogadishu,SO,Aden Adde International Airport,2.01444,45.304699
MGW,Morgantown,US,Morgantown Municipal Airport Walter L. (Bill) Hart Field,39.643305,-79.917598
MGZ,Mkeik,MM,Myeik Airport,12.439800262451172,98.62149810791016
MHD,Mashhad,IR,Mashhad International Airport,36.234821,59.642949
MHG,Mannheim,DE,Mannheim-City Airport,49.473057,8.514167
MHH,Marsh Harbour,BS,Leonard M. Thompson International Airport,26.510711,-77.084262
MHK,Manhattan,US,Manhattan Regional Airport,39.14099884033203,-96.6707992553711
MHQ,Mariehamn,FI,Mariehamn Airport,60.1222,19.898199
MHR,Sacramento,US,Sacramento Mather Airport,38.554744,-121.297989
MHT,Manchester,US,Manchester-Boston Regional Airport,42.932598,-71.435699
MHU,Mount Hotham,AU,Mount Hotham Airport,-37.0475006104,147.333999634
MHV,Mojave,US,Mojave Air &  Space Port,35.056391,-118.145342
MHZ,"Bury Saint Edmunds, Suffolk",GB,RAF Mildenhall,52.3619,0.486406
MIA,Miami,US,Miami International Airport,25.796011,-80.289751
MIB,Minot,US,Minot Air Force Base,48.4156,-101.358002
MID,Mérida,MX,Manuel Crescencio Rejón International Airport,20.930485,-89.645462
MIE,Muncie,US,Delaware County Johnson Field,40.242298,-85.395897
MIG,Mianyang (Fucheng),CN,Mianyang Nanjiao Airport,31.428101,104.740997
MII,Marília,BR,Frank Miloye Milenkowichi–Marília State Airport,-22.196899,-49.926485
MIK,Mikkeli,FI,Mikkeli Airport,61.6866,27.201799
MIM,Merimbula,AU,Merimbula Airport,-36.9085998535,149.901000977
MIR,Monastir,TN,Monastir Habib Bourguiba International Airport,35.75809860229492,10.75469970703125
MIU,Maiduguri,NG,Maiduguri International Airport,11.854163,13.080702
MIV,Millville,US,Millville Municipal Airport,39.367802,-75.072197
MJC,Man,CI,Man Airport,7.27207,-7.58736
MJD,Moenjodaro,PK,Moenjodaro Airport,27.335199,68.143097
MJF,Mosjøen,NO,"Mosjøen Airport, Kjærstad",65.783997,13.2149
MJI,Tripoli,LY,Mitiga International Airport,32.89177,13.287878
MJK,Denham,AU,Shark Bay Airport,-25.897294,113.575802
MJL,Mouila,GA,Mouilla Ville Airport,-1.84514,11.0567
MJM,Mbuji Mayi,CD,Mbuji Mayi Airport,-6.121240139010001,23.569000244099996
MJN,Mahajanga,MG,Amborovy Airport,-15.666842,46.351233
MJT,Mytilene,GR,Mytilene International Airport,39.057406,26.598629
MJZ,Mirny,RU,Mirny Airport,62.534698486328125,114.03900146484375
MKC,Kansas City,US,Charles B. Wheeler Downtown Airport,39.123199,-94.592796
MKE,Milwaukee,US,General Mitchell International Airport,42.947201,-87.896599
MKG,Muskegon,US,Muskegon County Airport,43.169498,-86.238197
MKK,Kaunakakai,US,Molokai Airport,21.152901,-157.095993
MKL,Jackson,US,McKellar-Sipes Regional Airport,35.599899,-88.915604
MKM,Mukah,MY,Mukah Airport,2.881944,112.043333
MKP,Makemo,PF,Makemo Airport,-16.5839,-143.658005
MKQ,Merauke,ID,Mopah International Airport,-8.523898,140.419693
MKR,Meekatharra,AU,Meekatharra Airport,-26.6117000579834,118.5479965209961
MKU,Makokou,GA,Makokou Airport,0.5792109966278076,12.890899658203125
MKW,Manokwari,ID,Rendani Airport,-0.891833,134.048996
MKY,Mackay,AU,Mackay Airport,-21.170816,149.182588
MKZ,Malacca,MY,Malacca International Airport,2.265613,102.252778
MLA,Valletta,MT,Malta International Airport,35.845932,14.491546
MLB,Melbourne,US,Melbourne Orlando International Airport,28.102009,-80.641088
MLC,Mc Alester,US,Mc Alester Regional Airport,34.882401,-95.783501
MLE,Malé,MV,Velana International Airport,4.19183,73.529099
MLG,Malang,ID,Abdul Rachman Saleh Airport,-7.929099,112.714233
MLI,Moline,US,Quad City International Airport,41.448502,-90.5075
MLM,Morelia,MX,General Francisco J. Mujica International Airport,19.849899,-101.025002
MLN,Melilla,ES,Melilla Airport,35.2798,-2.95626
MLS,Miles City,US,Miles City Airport - Frank Wiley Field,46.427268,-105.885372
MLU,Monroe,US,Monroe Regional Airport,32.510899,-92.037697
MLW,Monrovia,LR,Spriggs Payne Airport,6.28906,-10.7587
MLX,Malatya,TR,Malatya Erhaç Airport,38.435298919699996,38.0909996033
MMB,Ōzora,JP,Memanbetsu Airport,43.8805999756,144.164001465
MMD,Minamidaito,JP,Minamidaito Airport,25.8465,131.263
MME,"Darlington, Durham",GB,Teesside International Airport,54.509201,-1.42941
MMG,Mount Magnet,AU,Mount Magnet Airport,-28.116100311279297,117.84200286865234
MMH,Mammoth Lakes,US,Mammoth Yosemite Airport,37.625381,-118.84306
MMJ,Matsumoto,JP,Shinshu-Matsumoto Airport,36.166801,137.923004
MMK,Murmansk,RU,Emperor Nicholas II Murmansk Airport,68.7817,32.750801
MMO,Vila do Maio,CV,Maio Airport,15.155900001525879,-23.213699340820312
MMT,Eastover,US,Mc Entire Joint National Guard Base,33.92079926,-80.80130005
MMU,Morristown,US,Morristown Municipal Airport,40.799062,-74.414949
MMX,Malmö,SE,Malmö Sturup Airport,55.535564,13.376327
MMY,Miyakojima,JP,Miyako Airport,24.782801,125.294998
MMZ,Maymana,AF,Maymana Zahiraddin Faryabi Airport,35.930801,64.760902
MNC,Nacala,MZ,Nacala International Airport,-14.4882,40.7122
MNG,Maningrida,AU,Maningrida Airport,-12.0560998917,134.23399353
MNH,Al Masna'ah,OM,Mussanah Airport,23.640556,57.4875
MNI,Gerald's Park,MS,John A. Osborne Airport,16.791835,-62.193204
MNJ,Mananjary,MG,Mananjary Airport,-21.201799,48.358299
MNL,Manila (Pasay),PH,Ninoy Aquino International Airport,14.5086,121.019997
MNR,Mongu,ZM,Mongu Airport,-15.2545,23.1623
MNX,Manicoré,BR,Manicoré Airport,-5.81138,-61.278301
MNZ,Manassas,US,Washington Manassas Harry P. Davis Field,38.723021,-77.515422
MOA,Moa,CU,Orestes Acosta Airport,20.653900146484375,-74.92220306396484
MOB,Mobile,US,Mobile Regional Airport,30.6912,-88.242798
MOC,Montes Claros,BR,Mário Ribeiro Airport,-16.706919,-43.818901
MOD,Modesto,US,Modesto City Co-Harry Sham Field,37.625801,-120.954002
MOE,Momeik,MM,Momeik Airport,23.092500686645508,96.64530181884766
MOG,Mong Hsat,MM,Mong Hsat Airport,20.516799926757812,99.25679779052734
MOL,Årø,NO,"Molde Airport, Årø",62.744701,7.2625
MON,Mount Cook,NZ,Mount Cook Airport,-43.764999,170.132996
MOQ,Morondava,MG,Morondava Airport,-20.2847,44.3176
MOT,Minot,US,Minot International Airport,48.25801,-101.279123
MOV,Moranbah,AU,Moranbah Airport,-22.057800293,148.07699585
MOZ,Moorea-Maiao,PF,Moorea Temae Airport,-17.48979,-149.761777
MPA,Mpacha,NA,Katima Mulilo Airport,-17.634258,24.176688
MPH,Caticlan,PH,Godofredo P. Ramos Airport,11.9245,121.954002
MPL,Montpellier/Méditerranée,FR,Montpellier-Méditerranée Airport,43.576199,3.96301
MPM,Maputo,MZ,Maputo Airport,-25.920799,32.572601
MPN,Mount Pleasant,FK,Mount Pleasant Airport / RAF Mount Pleasant,-51.822642,-58.445777
MPV,Barre/Montpelier,US,Edward F Knapp State Airport,44.20349884,-72.56230164
MPW,Mariupol,UA,Mariupol International Airport,47.076099,37.4496
MPY,Maripasoula,GF,Maripasoula Airport,3.655907,-54.039431
MQF,Magnitogorsk,RU,Magnitogorsk International Airport,53.391991,58.755235
MQH,Minaçu,BR,Minaçu Airport,-13.5491,-48.195301
MQJ,Khonuu,RU,Moma Airport,66.450861,143.261551
MQL,Mildura,AU,Mildura Airport,-34.229198455799995,142.085998535
MQM,Mardin,TR,Mardin Airport,37.223300933800004,40.6316986084
MQN,Mo i Rana,NO,"Mo i Rana Airport, Røssvoll",66.363899230957,14.301400184631
MQP,Mbombela,ZA,Kruger Mpumalanga International Airport,-25.383327,31.105325
MQQ,Moundou,TD,Moundou Airport,8.628503,16.074241
MQS,Lovell,VC,Mustique Airport,12.8879,-61.180199
MQT,Gwinn,US,Marquette Sawyer Regional Airport,46.351498,-87.395884
MQU,Mariquita,CO,Mariquita Airport,5.21256,-74.8836
MQX,Mekele,ET,Mekele Alula Aba Nega Airport,13.4674,39.533501
MQY,Smyrna,US,Smyrna Airport,36.0089988708,-86.5201034546
MRB,Martinsburg,US,Eastern WV Regional Airport/Shepherd Field,39.40190125,-77.98459625
MRD,Mérida,VE,Alberto Carnevalli Airport,8.582078,-71.161041
MRE,Serena,KE,Mara Serena Lodge Airstrip,-1.404588,35.008349
MRG,Mareeba,AU,Mareeba Airport,-17.070277,145.424228
MRI,Anchorage,US,Merrill Field,61.212792,-149.843988
MRO,Masterton,NZ,Hood Airport,-40.974634,175.63454
MRQ,Gasan,PH,Marinduque Airport,13.361000061035156,121.82599639892578
MRR,Macará,EC,Jose Maria Velasco Ibarra Airport,-4.37823009491,-79.94100189210002
MRS,"Marignane, Bouches-du-Rhône",FR,Marseille Provence Airport,43.438088,5.2125
MRU,Plaine Magnien,MU,Sir Seewoosagur Ramgoolam International Airport,-20.430201,57.683601
MRV,Mineralnyye Vody,RU,Mineralnye Vody Airport,44.225101,43.081902
MRW,Rødby,DK,Lolland Falster Maribo Airport,54.699447,11.438163
MRX,Mahshahr,IR,Mahshahr Airport,30.5562,49.151901
MRY,Monterey,US,Monterey Regional Airport,36.586777,-121.844183
MRZ,Moree,AU,Moree Airport,-29.498899459799997,149.845001221
MSH,Masirah,OM,RAFO Masirah,20.6754,58.890499
MSJ,Misawa,JP,Misawa Airport / Misawa Air Base,40.703201,141.367996
MSL,Muscle Shoals,US,Northwest Alabama Regional Airport,34.745123,-87.612981
MSN,Madison,US,Dane County Regional Truax Field,43.1399,-89.337502
MSO,Missoula,US,Missoula Montana Airport,46.915816,-114.091107
MSP,Minneapolis,US,Minneapolis–Saint Paul International Airport / Wold–Chamberlain Field,44.880081,-93.221741
MSQ,Minsk,BY,Minsk National Airport,53.888071,28.039964
MSR,Muş,TR,Muş Airport,38.747798919677734,41.66120147705078
MSS,Massena,US,Massena International Airport Richards Field,44.936157,-74.844304
MST,Maastricht,NL,Maastricht Aachen Airport,50.911087,5.769401
MSU,Maseru(Mazenod),LS,Moshoeshoe I International Airport,-29.456277,27.554456
MSW,Massawa,ER,Massawa International Airport,15.67,39.370098
MSY,New Orleans,US,Louis Armstrong New Orleans International Airport,29.993401,-90.264673
MSZ,Moçâmedes,AO,Welwitschia Mirabilis International Airport,-15.2612,12.1468
MTC,Mount Clemens,US,Selfridge Air National Guard Base Airport,42.613463,-82.836919
MTH,Marathon,US,Florida Keys Marathon International Airport,24.726006,-81.05138
MTJ,Montrose,US,Montrose Regional Airport,38.5098,-107.893997
MTN,Baltimore,US,Martin State Airport,39.325699,-76.413803
MTR,Montería,CO,Los Garzones Airport,8.82374,-75.8258
MTS,Manzini,SZ,Matsapha International Airport,-26.528919,31.307577
MTT,Cosoleacaque,MX,Minatitlán/Coatzacoalcos International Airport,18.103399,-94.580704
MTY,Monterrey,MX,Monterrey International Airport,25.778521,-100.106989
MTZ,Masada,IL,Bar Yehuda Airfield,31.328199,35.388599
MUA,Munda,SB,Munda Airport,-8.32797,157.263
MUB,Maun,BW,Maun International Airport,-19.970491,23.431409
MUC,Munich,DE,Munich Airport,48.353802,11.7861
MUD,Mueda,MZ,Mueda Airport,-11.6729,39.563099
MUE,Waimea (Kamuela),US,Waimea Kohala Airport,20.001301,-155.667999
MUH,Marsa Matruh,EG,Mersa Matruh International Airport,31.324313,27.22227
MUI,Fort Indiantown Gap(Annville),US,Muir Army Air Field (Fort Indiantown Gap) Airport,40.435214,-76.568661
MUN,Maturín,VE,José Tadeo Monagas International Airport,9.749023,-63.153348
MUO,Mountain Home,US,Mountain Home Air Force Base,43.043598,-115.872002
MUR,Marudi,MY,Marudi Airport,4.178734,114.330318
MUW,Ghriss,DZ,Ghriss Airport,35.207699,0.147142
MUX,Multan,PK,Multan International Airport,30.203199,71.419098
MVA,Myvatn,IS,Mývatn Airport,65.6558,-16.9181
MVB,Franceville,GA,M'Vengue El Hadj Omar Bongo Ondimba International Airport,-1.65616,13.438
MVD,Ciudad de la Costa,UY,Carrasco General Cesáreo L. Berisso International Airport,-34.835647,-56.026497
MVF,Mossoró,BR,Dix-Sept Rosado Airport,-5.20192,-37.3643
MVP,Mitú,CO,Fabio Alberto Leon Bentley Airport,1.25366,-70.2339
MVQ,Mogilev,BY,Mogilev Airport,53.954898834228516,30.09510040283203
MVR,Maroua,CM,Salak Airport,10.451399803161621,14.257399559020996
MVT,Mataiva,PF,Mataiva Airport,-14.8681001663208,-148.7169952392578
MVZ,Masvingo,ZW,Masvingo International Airport,-20.0553,30.8591
MWA,Marion,US,Veterans Airport of Southern Illinois,37.751208,-89.016568
MWD,Mianwali,PK,Mianwali Air Base,32.5630989074707,71.5707015991211
MWE,Merowe,SD,Merowe Airport,18.443333,31.843333
MWH,Moses Lake,US,Grant County International Airport,47.20769882,-119.3199997
MWL,Mineral Wells,US,Mineral Wells Regional Airport,32.781601,-98.060204
MWX,Muan (Piseo-ri),KR,Muan International Airport,34.991406,126.382814
MWZ,Mwanza,TZ,Mwanza International Airport,-2.446563,32.936049
MXF,Montgomery,US,Maxwell Air Force Base,32.3829,-86.365799
MXI,Mati,PH,Mati National Airport,6.949091,126.27368
MXJ,Minna,NG,Minna Airport,9.652170181274414,6.462259769439697
MXL,Mexicali,MX,General Rodolfo Sánchez Taboada International Airport,32.630629,-115.242805
MXM,Morombe,MG,Morombe Airport,-21.753837,43.374753
MXN,Morlaix/Ploujean,FR,Morlaix-Ploujean Airport,48.6031990051,-3.81577992439
MXP,Ferno (VA),IT,Milan Malpensa International Airport,45.6306,8.72811
MXV,Mörön,MN,Mörön Airport,49.663677,100.100028
MXX,Mora,SE,Mora Airport,60.957901,14.5114
MYA,Moruya,AU,Moruya Airport,-35.8978004456,150.143997192
MYC,Maracay,VE,Escuela Mariscal Sucre Airport,10.249978,-67.649422
MYD,Malindi,KE,Malindi International Airport,-3.22931,40.1017
MYE,Miyakejima,JP,Miyakejima Airport,34.073600769,139.559997559
MYG,Abraham Bay Settlement,BS,Mayaguana Airport,22.379499,-73.013494
MYJ,Matsuyama,JP,Matsuyama Airport,33.826893,132.700114
MYL,McCall,US,McCall Municipal Airport,44.888837,-116.101112
MYP,Mary,TM,Mary International Airport,37.62353,61.895668
MYQ,Mysore,IN,Mysore Airport,12.229751,76.653683
MYR,Myrtle Beach,US,Myrtle Beach International Airport,33.679699,-78.928299
MYT,Myitkyina,MM,Myitkyina Airport,25.3836,97.351898
MYU,Mekoryuk,US,Mekoryuk Airport,60.372338,-166.269751
MYV,Marysville,US,Yuba County Airport,39.09780121,-121.5699997
MYW,Mtwara,TZ,Mtwara Airport,-10.336204,40.181997
MYY,Miri,MY,Miri Airport,4.32201,113.987
MZB,Mocímboa da Praia,MZ,Mocímboa da Praia Airport,-11.3618,40.3549
MZG,Huxi,TW,Penghu Magong Airport,23.568701,119.627998
MZH,Amasya,TR,Amasya Merzifon Airport,40.829399,35.521999
MZI,Sévaré,ML,Mopti Airport,14.5128,-4.07956
MZL,Manizales,CO,La Nubia Airport,5.0296,-75.4647
MZO,Manzanillo,CU,Sierra Maestra International Airport,20.288605,-77.087545
MZQ,Mkuze,ZA,Mkuze Airport,-27.626101,32.0443
MZR,Mazar-i-Sharif,AF,Mazar-i-Sharif International Airport,36.70412,67.210459
MZS,Moradabad,IN,Moradabad Airport,28.81746,78.92187
MZT,Mazatlàn,MX,General Rafael Buelna International Airport,23.162823,-106.264517
MZU,Muzaffarpur,IN,Muzaffarpur Airport,26.119101,85.313698
MZV,Mulu,MY,Mulu Airport,4.048329830169678,114.80500030517578
MZW,Mecheria,DZ,Mecheria Airport,33.5359,-0.242353
NAA,Narrabri,AU,Narrabri Airport,-30.3192005157,149.82699585
NAG,Nagpur,IN,Dr. Babasaheb Ambedkar International Airport,21.092199,79.047203
NAH,"Tabukan Utara, Sangihe Islands",ID,Naha Airport,3.68478,125.527162
NAJ,Nakhchivan,AZ,Nakhchivan International Airport,39.188801,45.458401
NAK,Chaloem Phra Kiat,TH,Nakhon Ratchasima Airport,14.9495,102.313004
NAL,Nalchik,RU,Nalchik Airport,43.512901,43.6366
NAM,Namniwel,ID,Namniwel Airport,-3.143159,126.976469
NAN,Nadi,FJ,Nadi International Airport,-17.761822,177.437843
NAP,Napoli,IT,Naples International Airport,40.886002,14.2908
NAQ,Qaanaaq,GL,Qaanaaq Airport,77.488602,-69.388702
NAS,Nassau,BS,Lynden Pindling International Airport,25.039,-77.466202
NAT,Natal,BR,Rio Grande do Norte/São Gonçalo do Amarante–Governador Aluízio Alves International Airport,-5.769822,-35.36661
NAV,Nevşehir,TR,Nevşehir Kapadokya Airport,38.7719,34.5345
NAW,Narathiwat,TH,Narathiwat Airport,6.5199198722839355,101.74299621582031
NBC,Nizhnekamsk,RU,Begishevo Airport,55.564701,52.092499
NBE,Enfidha,TN,Enfidha - Hammamet International Airport,36.075833,10.438611
NBG,New Orleans,US,New Orleans NAS JRB/Alvin Callender Field,29.82530022,-90.03500366
NBJ,Luanda (Ícolo e Bengo),AO,Dr. Antonio Agostinho Neto International Airport,-9.050734,13.499078
NBO,Nairobi,KE,Jomo Kenyatta International Airport,-1.318886,36.928233
NBS,Baishan,CN,Changbaishan Airport,42.066944,127.602222
NBW,Guantanamo Bay Naval Station,CU,Leeward Point Field,19.9065,-75.2071
NBX,Nabire,ID,Douw Aturure Airport,-3.397973,135.393071
NCA,North Caicos,TC,North Caicos Airport,21.916094,-71.942954
NCE,"Nice, Alpes-Maritimes",FR,Nice-Côte d'Azur Airport,43.658401,7.21587
NCL,"Newcastle upon Tyne, Tyne and Wear",GB,Newcastle International Airport,55.037958,-1.689577
NCO,North Kingstown,US,Quonset State Airport,41.597099304199,-71.412101745605
NCS,Newcastle,ZA,Newcastle Airport,-27.7705993652,29.976900100699996
NCU,Nukus,UZ,Nukus International Airport,42.4884,59.623299
NCY,Annecy,FR,Annecy Meythet airport,45.928947,6.0987
NDB,Nouadhibou,MR,Nouadhibou International Airport,20.932404,-17.030199
NDC,Nanded,IN,Nanded Airport,19.1833,77.316704
NDD,Sumbe,AO,Sumbe Airport,-11.1679,13.8475
NDG,Qiqihar,CN,Qiqihar Sanjiazi Airport,47.229969,123.914179
NDJ,N'Djamena,TD,N'Djamena International Airport,12.1337,15.034
NDR,Al Aaroui,MA,Nador Al Aaroui International Airport,34.9888,-3.02821
NDU,Rundu,NA,Rundu Airport,-17.956499,19.7194
NEC,Necochea,AR,Necochea Airport,-38.490746,-58.816337
NEL,Lakehurst,US,Lakehurst Maxfield Field Airport,40.03329849,-74.353302
NER,Neryungri,RU,Chulman Airport,56.913898468018,124.91400146484
NEU,Sam Neua,LA,Sam Neua Airport,20.4184,104.067001
NEV,Charlestown,KN,Vance W. Amory International Airport,17.2057,-62.589901
NEW,New Orleans,US,Lakefront Airport,30.042400360107,-90.028297424316
NFG,Nefteyugansk,RU,Nefteyugansk Airport,61.108299,72.650002
NFL,Fallon,US,Fallon Naval Air Station,39.41659927,-118.7009964
NGA,Young,AU,Young Airport,-34.255576,148.247118
NGB,Ningbo,CN,Ningbo Lishe International Airport,29.82670021057129,121.46199798583984
NGE,N'Gaoundéré,CM,N'Gaoundéré Airport,7.3570098876953125,13.559200286865234
NGF,Kaneohe,US,Kaneohe Bay MCAS (Marion E. Carl Field) Airport,21.4505,-157.768005
NGO,Tokoname,JP,Chubu Centrair International Airport,34.858398,136.804993
NGP,Corpus Christi,US,Naval Air Station Corpus Christi Truax Field,27.6926,-97.2911
NGQ,Shiquanhe,CN,Ngari Gunsa Airport,32.09794,80.053971
NGS,Nagasaki,JP,Nagasaki Airport,32.916901,129.914001
NGU,Norfolk,US,Norfolk Naval Station (Chambers Field),36.937599,-76.289299
NHD,Dubai,AE,Al Minhad Air Base,25.0268001556,55.3661994934
NHK,Patuxent River,US,Patuxent River Naval Air Station (Trapnell Field),38.285999,-76.411797
NHT,"Northolt, Greater London",GB,RAF Northolt,51.553001,-0.418167
NHV,Nuku Hiva,PF,Nuku Hiva Airport,-8.7956,-140.229004
NHZ,Brunswick,US,Brunswick Executive Airport,43.89220047,-69.93859863
NIM,Niamey,NE,Diori Hamani International Airport,13.4815,2.18361
NIP,Jacksonville,US,Jacksonville Naval Air Station (Towers Field),30.2358,-81.680603
NIT,Niort/Souché,FR,Niort - Marais Poitevin Airport,46.313477,-0.394529
NJA,Ayase / Yamato,JP,JMSDF Atsugi Air Base / Naval Air Facility Atsugi,35.454601,139.449997
NJC,Nizhnevartovsk,RU,Nizhnevartovsk Airport,60.949299,76.483597
NJF,Najaf,IQ,Al Najaf International Airport,31.991116,44.405019
NJK,El Centro,US,El Centro NAF Airport (Vraciu Field),32.829201,-115.671996
NKC,Nouakchott,MR,Nouakchott–Oumtounsy International Airport,18.31,-15.969722
NKG,Nanjing,CN,Nanjing Lukou International Airport,31.735032,118.865949
NKM,Nagoya,JP,Nagoya Airport / JASDF Komaki Air Base,35.255759,136.924095
NKT,Şırnak,TR,Şırnak Şerafettin Elçi Airport,37.3647,42.0582
NKW,Diego Garcia,IO,Naval Support Facility Diego Garcia,-7.31327,72.411102
NKX,San Diego,US,Miramar Marine Corps Air Station - Mitscher Field,32.86840057,-117.1429977
NLA,Ndola,ZM,Simon Mwansa Kapwepwe International Airport,-12.96513,28.515624
NLC,Lemoore,US,Lemoore Naval Air Station (Reeves Field) Airport,36.33300018,-119.9520035
NLD,Nuevo Laredo,MX,Quetzalcóatl International Airport,27.443899,-99.570503
NLH,Ninglang,CN,Ninglang Luguhu Airport,27.5403,100.7593
NLI,Nikolayevsk-na-Amure Airport,RU,Nikolayevsk-na-Amure Airport,53.154999,140.649994
NLK,Burnt Pine,NF,Norfolk Island International Airport,-29.041759,167.939474
NLO,N'dolo,CD,Ndolo Airport,-4.32666015625,15.327500343323
NLT,Xinyuan,CN,Xinyuan Nalati Airport,43.4318,83.3786
NLU,Mexico City,MX,Felipe Ángeles International Airport,19.743824,-99.01507
NLV,Mykolaiv,UA,Mykolaiv International Airport [CLOSED],47.057899,31.9198
NMA,Namangan,UZ,Namangan International Airport,40.984622,71.5578
NMB,Daman,IN,Daman Airport,20.434401,72.843201
NMC,Normans Cay,BS,Normans Cay Airport,24.594299,-76.820198
NMF,Noonu Atoll,MV,Maafaru International Airport,5.817407,73.468404
NMI,Navi Mumbai,IN,Navi Mumbai International Airport,18.984597,73.065253
NMS,Namsang,MM,Namsang Airport,20.890499114990234,97.73590087890625
NNA,Kenitra,MA,Kenitra Air Base,34.298901,-6.59588
NNG,Nanning (Jiangnan),CN,Nanning Wuxu International Airport,22.598071,108.181922
NNM,Naryan Mar,RU,Naryan Mar Airport,67.639999,53.121899
NNT,Nan,TH,Nan Airport,18.807899475097656,100.78299713134766
NOA,Nowra Hill,AU,Naval Air Station Nowra - HMAS Albatross,-34.9466,150.542451
NOB,Nicoya,CR,Nosara Airport,9.976490020750001,-85.65299987790002
NOC,Charlestown,IE,Ireland West Airport Knock,53.910439,-8.817002
NOG,Nogales,MX,Nogales International Airport,31.225756,-110.976934
NOI,Krymsk,RU,Krymsk Air Base,44.962905,37.999071
NOJ,Noyabrsk,RU,Noyabrsk Airport,63.18330001831055,75.2699966430664
NOP,Sinop,TR,Sinop Airport,42.018313,35.071774
NOS,Nosy Be,MG,Nosy Be International Airport,-13.3121,48.3148
NOU,Nouméa (La Tontouta),NC,La Tontouta International Airport,-22.014601,166.212997
NOV,Huambo,AO,Albano Machado Airport,-12.8089,15.7605
NOZ,Novokuznetsk,RU,Spichenkovo Airport,53.811401,86.877197
NPA,Pensacola,US,Naval Air Station Pensacola Forrest Sherman Field,30.352699,-87.318604
NPE,Napier,NZ,Hawke's Bay Airport,-39.465801,176.869995
NPL,New Plymouth,NZ,New Plymouth Airport,-39.00859832763672,174.1790008544922
NPO,Nanga Pinoh-Borneo Island,ID,Nanga Pinoh Airport,-0.34864,111.746155
NPT,Newport,US,Newport State Airport,41.532207,-71.281039
NQA,Millington,US,Millington-Memphis Airport,35.356701,-89.8703
NQI,Kingsville,US,Kingsville Naval Air Station,27.5072002411,-97.8097000122
NQN,Neuquén,AR,Presidente Perón International Airport,-38.949001,-68.155701
NQT,"Nottingham, Nottinghamshire",GB,Nottingham City Airport,52.919998,-1.07917
NQX,Key West,US,Naval Air Station Key West/Boca Chica Field,24.57579994,-81.68890381
NQY,Newquay,GB,Cornwall Airport Newquay,50.440601,-4.99541
NQZ,Astana,KZ,Nursultan Nazarbayev International Airport,51.027035,71.467094
NRA,Narrandera,AU,Narrandera Airport,-34.7022018433,146.511993408
NRB,Jacksonville,US,Naval Station Mayport / Admiral David L McDonald Field,30.3911,-81.424698
NRK,Norrköping,SE,Norrköping Airport,58.586299896240234,16.250600814819336
NRN,Weeze,DE,Weeze (Niederrhein) Airport,51.601362,6.141228
NRR,Ceiba,PR,José Aponte de la Torre Airport,18.247262,-65.63979
NRT,Narita,JP,Narita International Airport,35.76858,140.388714
NSE,Milton,US,Whiting Field Naval Air Station - North,30.7241993,-87.02189636
NSH,Nowshahr,IR,Nowshahr Airport,36.664286,51.46273
NSI,Yaoundé,CM,Yaoundé Nsimalen International Airport,3.72256,11.5533
NSK,Norilsk,RU,Alykel International Airport,69.307951,87.325906
NSN,Nelson,NZ,Nelson Airport,-41.296709,173.224323
NST,Nakhon Si Thammarat,TH,Nakhon Si Thammarat Airport,8.539620399475098,99.9447021484375
NTB,Notodden,NO,Notodden Airport,59.565071,9.213152
NTD,Point Mugu,US,Point Mugu Naval Air Station (Naval Base Ventura Co),34.120300293,-119.121002197
NTE,Nantes,FR,Nantes Atlantique Airport,47.153198,-1.61073
NTG,Nantong (Tongzhou),CN,Nantong Xingdong International Airport,32.073566,120.980076
NTL,Williamtown,AU,Newcastle Airport,-32.796114,151.835025
NTN,Normanton,AU,Normanton Airport,-17.68409,141.069664
NTQ,Wajima,JP,Noto Satoyama Airport,37.293098,136.962006
NTR,Monterrey,MX,Del Norte International Airport,25.865601,-100.237
NTU,Virginia Beach,US,Oceana Naval Air Station,36.820702,-76.033501
NTX,Ranai-Natuna Besar Island,ID,Ranai Airport,3.90871,108.388
NTY,Pilanesberg,ZA,Pilanesberg International Airport,-25.333799,27.173401
NUE,Nuremberg,DE,Nuremberg Airport,49.498699,11.078056
NUI,Nuiqsut,US,Nuiqsut Airport,70.209999,-151.005998
NUJ,Amirabad,IR,Nojeh Air Base,35.211601,48.6534
NUM,Sharma,SA,Neom Bay Airport,27.924261,35.29358
NUQ,Mountain View,US,Moffett Federal Airfield,37.4161,-122.049004
NUU,Nakuru,KE,Nakuru Lanet Airport,-0.298419,36.159193
NUW,Oak Harbor,US,Whidbey Island Naval Air Station (Ault Field),48.351799,-122.655998
NUX,Novy Urengoy,RU,Novy Urengoy Airport,66.06939697265625,76.52030181884766
NVA,Neiva,CO,Benito Salas Airport,2.95015,-75.294
NVI,Navoi,UZ,Navoi International Airport,40.117599,65.172658
NVS,"Marzy, Nièvre",FR,Nevers-Fourchambault Airport,47.002913,3.113114
NVT,Navegantes,BR,Ministro Victor Konder International Airport,-26.879431,-48.650979
NWA,Fomboni,KM,Mohéli Bandar Es Eslam Airport,-12.298096,43.766496
NWI,"Norwich, Norfolk",GB,Norwich Airport,52.6758,1.28278
NYA,Nyagan,RU,Nyagan Airport,62.110001,65.614998
NYG,Quantico,US,Quantico Marine Corps Airfield / Turner Field,38.501701,-77.305298
NYI,Sunyani,GH,Sunyani Airport,7.36183,-2.32876
NYK,Gathiuru,KE,Nanyuki Civil Airport,-0.062352,37.041296
NYM,Nadym,RU,Nadym Airport,65.48090362548828,72.69889831542969
NYO,Nyköping,SE,Stockholm Skavsta Airport,58.789656,16.911479
NYT,Naypyitaw,MM,Nay Pyi Taw International Airport,19.623501,96.200996
NZC,Nazca,PE,Maria Reiche Neuman Airport,-14.854,-74.961502
NZH,Manzhouli,CN,Manzhouli Xijiao Airport,49.566667,117.33
NZL,Zhalantun,CN,Zhalantun Genghis Khan Airport,47.865942,122.768662
NZY,San Diego,US,North Island Naval Air Station-Halsey Field,32.69919968,-117.2149963
OAG,Orange,AU,Orange Airport,-33.382014,149.131262
OAI,Bagram,AF,Bagram Airfield,34.946098,69.264999
OAJ,Richlands,US,Albert J Ellis Airport,34.829201,-77.612099
OAK,Oakland,US,Oakland San Francisco Bay Airport,37.720085,-122.221184
OAM,Oamaru,NZ,Oamaru Airport,-44.970001,171.082001
OAX,Oaxaca,MX,Xoxocotlán International Airport,16.998773,-96.726092
OBF,Weßling,DE,Oberpfaffenhofen Airport,48.081402,11.2831
OBO,Obihiro,JP,Tokachi-Obihiro Airport,42.7332992554,143.216995239
OBS,"Lanas, Ardèche",FR,Aubenas-South Ardèche Airport,44.544367,4.372194
OCA,Key Largo,US,Ocean Reef Club Airport,25.325399,-80.274803
OCC,Coca,EC,Francisco De Orellana Airport,-0.462886,-76.986801
OCE,Ocean City,US,Ocean City Municipal Airport,38.310398,-75.124001
OCJ,Boscobel,JM,Ian Fleming International Airport,18.404079,-76.969754
OCN,Oceanside,US,Oceanside Municipal Airport,33.217947,-117.351683
OCS,Corisco Island,GQ,Corisco International Airport,0.910937,9.33027
OCV,Ocaña,CO,Aguas Claras Airport,8.31506,-73.3583
ODB,Córdoba,ES,Córdoba Airport,37.841999,-4.84888
ODE,Odense,DK,Odense Hans Christian Andersen Airport,55.475307,10.327206
ODH,"Hook, Hampshire",GB,RAF Odiham,51.2341,-0.942825
ODS,Odesa,UA,Odesa International Airport,46.427196,30.672649
OEC,Oecussi-Ambeno,TL,Oecusse Route of the Sandalwood International Airport,-9.198419,124.337873
OER,Örnsköldsvik,SE,Örnsköldsvik Airport,63.40829849243164,18.989999771118164
OFF,Omaha,US,Offutt Air Force Base,41.119307,-95.90851
OFK,Norfolk,US,Karl Stefan Memorial Airport,41.985500335693,-97.435096740723
OGB,Orangeburg,US,Orangeburg Municipal Airport,33.456798553467,-80.859497070312
OGD,Ogden,US,Ogden Hinckley Airport,41.195899963379,-112.0120010376
OGG,Kahului,US,Kahului International Airport,20.896263,-156.431837
OGL,Ogle,GY,Eugene F. Correia International Airport,6.805881,-58.107657
OGN,Yonaguni,JP,Yonaguni Airport,24.467298,122.979827
OGS,Ogdensburg,US,Ogdensburg International Airport,44.6819,-75.4655
OGU,Ordu,TR,Ordu–Giresun Airport,40.966872,38.085995
OGX,Ouargla,DZ,Ain Beida Airport,31.9172,5.41278
OGZ,Beslan,RU,Vladikavkaz Beslan International Airport,43.205101,44.606602
OHA,RNZAF Base Ohakea,NZ,RNZAF Base Ohakea,-40.20600128173828,175.38800048828125
OHD,Ohrid,MK,Ohrid St. Paul the Apostle Airport,41.18,20.7423
OHE,Mohe,CN,Mohe Gulian Airport,52.916871,122.422759
OHO,Okhotsk,RU,Okhotsk Airport,59.410065,143.056503
OHS,Suhar,OM,Suhar International Airport,24.38604,56.62541
OIM,Izu Oshima,JP,Oshima Airport,34.782001495399996,139.36000061
OIR,Okushiri Island,JP,Okushiri Airport,42.0717010498,139.432998657
OIT,Oita,JP,Oita Airport,33.479400634799994,131.736999512
OKA,Naha,JP,Naha International Airport,26.192437,127.639804
OKC,Oklahoma City,US,OKC Will Rogers World Airport,35.393388,-97.598248
OKD,Sapporo,JP,Sapporo Okadama Airport,43.117447,141.38134
OKE,Wadomari,JP,Okinoerabu Airport,27.431604,128.705564
OKI,Okinoshima,JP,Oki Global Geopark Airport,36.178388,133.323566
OKJ,Okayama,JP,Okayama Momotaro Airport,34.756901,133.854996
OKL,Oksibil,ID,Oksibil Airport,-4.9071,140.6277
OKN,Okondja,GA,Okondja Airport,-0.665214,13.6731
OKO,Fussa,JP,Yokota Air Base,35.748501,139.348007
OKY,Oakey Army Aviation Centre,AU,Oakey Army Aviation Centre,-27.409262,151.736727
OLA,Ørland,NO,Ørland Airport,63.69889831542969,9.604000091552734
OLB,Olbia (SS),IT,Olbia Costa Smeralda Airport,40.898953,9.518457
OLF,Wolf Point,US,L M Clayton Airport,48.094501,-105.574997
OLL,Oyo,CG,Oyo Ollombo Airport,-1.226666,15.91
OLM,Olympia,US,Olympia Regional Airport,46.969399,-122.903
OLS,Nogales,US,Nogales International Airport,31.4177,-110.848
OLU,Columbus,US,Columbus Municipal Airport,41.448145,-97.340174
OLZ,Olyokminsk,RU,Olyokminsk Airport,60.401833,120.476094
OMA,Omaha,US,Eppley Airfield,41.3032,-95.894096
OMB,Omboue,GA,Omboue Hospital Airport,-1.57473,9.26269
OMC,Ormoc City,PH,Ormoc Airport,11.057715,124.565622
OMD,Oranjemund,NA,Oranjemund Airport,-28.585318,16.44638
OME,Nome,US,Nome Airport,64.51219940185547,-165.44500732421875
OMH,Urmia,IR,Urmia Airport,37.6680984497,45.0686988831
OMN,Zomin,UZ,Zomin Airport,40.01402,68.41103
OMO,Mostar,BA,Mostar International Airport,43.282489,17.846101
OMR,Oradea,RO,Oradea International Airport,47.025299,21.9025
OMS,Omsk,RU,Omsk Central Airport,54.963124,73.312418
OND,Ondangwa,NA,Ondangwa Airport,-17.878201,15.9526
ONJ,Kitaakita,JP,Odate Noshiro Airport,40.191898,140.371002
ONO,Ontario,US,Ontario Municipal Airport,44.0198,-117.013289
ONP,Newport,US,Newport Municipal Airport,44.580399,-124.057999
ONQ,Zonguldak,TR,Zonguldak Çaycuma Airport,41.506401,32.0886
ONT,Ontario,US,Ontario International Airport,34.056,-117.600998
ONX,Colón,PA,Enrique Adolfo Jimenez Airport,9.35664,-79.867401
OOL,Gold Coast,AU,Gold Coast Airport,-28.165962,153.506641
OOM,Cooma,AU,Cooma Snowy Mountains Airport,-36.300445,148.972408
OPF,Miami,US,Miami-Opa Locka Executive Airport,25.907,-80.278397
OPO,Porto,PT,Francisco de Sá Carneiro Airport,41.2481002808,-8.68138980865
OPU,Balimo,PG,Balimo Airport,-8.05000019073,142.932998657
ORA,Orán,AR,Orán Airport,-23.1528,-64.329201
ORB,Örebro,SE,Örebro Airport,59.22370147705078,15.038000106811523
ORD,Chicago,US,Chicago O'Hare International Airport,41.9786,-87.9048
ORF,Norfolk,US,Norfolk International Airport,36.895341,-76.201
ORH,Worcester,US,Worcester Regional Airport,42.2673,-71.875702
ORK,Cork,IE,Cork International Airport,51.841301,-8.49111
ORL,Orlando,US,Orlando Executive Airport,28.5455,-81.332901
ORN,Es-Sénia,DZ,Oran Es-Sénia (Ahmed Ben Bella) International Airport,35.620648,-0.622486
ORT,Northway,US,Northway Airport,62.9613,-141.929001
ORU,Oruro,BO,Juan Mendoza International Airport,-17.956151,-67.075829
ORY,"Paris (Orly, Val-de-Marne)",FR,Paris-Orly Airport,48.729499,2.358963
OSD,Östersund,SE,Åre Östersund Airport,63.193546,14.504168
OSH,Oshkosh,US,Wittman Regional Airport,43.98440170288086,-88.55699920654297
OSI,Osijek(Klisa),HR,Osijek Airport,45.462355,18.811278
OSL,Oslo (Gardermoen),NO,Oslo-Gardermoen International Airport,60.193901,11.1004
OSM,Mosul,IQ,Mosul International Airport,36.305801,43.1474
OSN,Pyeongtaek,KR,Osan Air Base,37.091457,127.029448
OSR,Mošnov,CZ,Leoš Janáček Airport Ostrava,49.696301,18.111099
OSS,Osh,KG,Osh International Airport,40.609001,72.793297
OST,Oostende,BE,Ostend-Bruges International Airport,51.1998,2.874673
OSU,Columbus,US,The Ohio State University Airport - Don Scott Field,40.0798,-83.072998
OSW,Orsk,RU,Orsk Airport,51.072498,58.5956
OTH,North Bend,US,Southwest Oregon Regional Airport,43.41709899902344,-124.24600219726562
OTI,Gotalalamo-Morotai Island,ID,Pitu Airport,2.04599,128.324997
OTM,Ottumwa,US,Ottumwa Regional Airport,41.106368,-92.449837
OTP,Otopeni,RO,Bucharest Henri Coandă International Airport,44.571792,26.103285
OTR,Corredores,CR,Coto 47 Airport,8.60156,-82.968754
OTZ,Kotzebue,US,Ralph Wien Memorial Airport,66.88469696,-162.598999
OUA,Ouagadougou,BF,Ouagadougou Thomas Sankara International Airport,12.3532,-1.51242
OUD,Ahl Angad,MA,Oujda Angads Airport,34.789558,-1.926041
OUE,Ouesso,CG,Ouesso Airport,1.61599,16.037901
OUH,Oudtshoorn,ZA,Oudtshoorn Airport,-33.6069984436,22.188999176
OUL,Oulu / Oulunsalo,FI,Oulu Airport,64.930099,25.354601
OUZ,Zouérate,MR,Tazadit Airport,22.757345,-12.482228
OVB,Novosibirsk,RU,Novosibirsk Tolmachevo Airport,55.019756,82.618675
OVD,Ranón,ES,Asturias Airport,43.563599,-6.03462
OVS,Sovetskiy,RU,Sovetskiy Airport,61.326622009277344,63.60191345214844
OWB,Owensboro,US,Owensboro Daviess County Airport,37.74010086,-87.16680145
OWD,Norwood,US,Norwood Memorial Airport,42.1904983521,-71.1728973389
OXB,Bissau,GW,Osvaldo Vieira International Airport,11.894262,-15.653596
OXF,"Kidlington, Oxfordshire",GB,London Oxford Airport,51.836899,-1.32
OXR,Oxnard,US,Oxnard Airport,34.200801849365,-119.20700073242
OYA,Goya,AR,Goya Airport,-29.1058,-59.2189
OYE,Oyem,GA,Oyem Airport,1.5431100130081177,11.581399917602539
OYK,Oiapoque,BR,Oiapoque Airport,3.85412,-51.797056
OYO,Tres Arroyos,AR,Tres Arroyos Airport,-38.3869,-60.3297
OYP,Saint-Georges-de-l'Oyapock,GF,Saint-Georges-de-l'Oyapock Airport,3.8976,-51.8041
OZC,Ozamiz,PH,Labo Airport,8.17851,123.842003
OZG,Zagora,MA,Zagora Airport,30.265788,-5.860808
OZH,Zaporizhia,UA,Zaporizhzhia International Airport,47.866962,35.314723
OZP,Morón,ES,Moron Air Base,37.17490005493164,-5.615940093994141
OZR,Fort Rucker/Ozark,US,Cairns AAF (Fort Rucker) Air Field,31.27569962,-85.71340179
OZZ,Ouarzazate,MA,Ouarzazate International Airport,30.9391,-6.90943
PAB,Bilaspur,IN,Bilaspur Airport,21.9884,82.111
PAC,Albrook,PA,Marcos A. Gelabert International Airport,8.97334,-79.555603
PAD,Büren,DE,Paderborn Lippstadt Airport,51.612527,8.617459
PAE,Everett,US,Seattle Paine Field International Airport,47.9063,-122.281998
PAG,Pagadian,PH,Pagadian Airport,7.825632,123.459635
PAH,Paducah,US,Barkley Regional Airport,37.06079864501953,-88.7738037109375
PAL,La Dorada,CO,German Olano Air Base,5.48361,-74.6574
PAM,Panama City,US,Tyndall Air Force Base,30.069599,-85.575401
PAN,Pattani,TH,Pattani Airport,6.78546,101.153999
PAO,Palo Alto,US,Palo Alto Airport,37.461102,-122.114998
PAP,Port-au-Prince,HT,Toussaint Louverture International Airport,18.580023,-72.292596
PAQ,Palmer,US,"Warren ""Bud"" Woods Palmer Municipal Airport",61.594898,-149.08901
PAT,Patna,IN,Jay Prakash Narayan Airport,25.591299,85.087997
PAV,Paulo Afonso,BR,Paulo Afonso Airport,-9.40088,-38.250599
PAX,Port-de-Paix,HT,Port-de-Paix Airport,19.934045,-72.84801
PAZ,Poza Rica,MX,El Tajín National Airport,20.6026992798,-97.46080017090001
PBC,Puebla,MX,Hermanos Serdán International Airport,19.158465,-98.371582
PBD,Porbandar,IN,Porbandar Airport,21.649524,69.656405
PBF,Pine Bluff,US,"Pine Bluff Regional Airport, Grider Field",34.174121,-91.935643
PBG,Plattsburgh,US,Plattsburgh International Airport,44.650902,-73.468102
PBH,Paro,BT,Paro International Airport,27.4032,89.424599
PBL,Puerto Cabello,VE,General Bartolome Salom International Airport,10.4805,-68.072998
PBM,Paramaribo,SR,Johan Adolf Pengel International Airport,5.45283,-55.187801
PBN,Port Amboim,AO,Porto Amboim Airport,-10.722,13.7655
PBO,Paraburdoo,AU,Paraburdoo Airport,-23.1711006165,117.745002747
PBR,Puerto Barrios,GT,Puerto Barrios Airport,15.7309,-88.583801
PBU,Putao,MM,Putao Airport,27.32990074157715,97.42630004882812
PBZ,Plettenberg Bay,ZA,Plettenberg Bay Airport,-34.08816,23.328723
PCF,Potchefstroom,ZA,Potchefstroom Airport,-26.670999527,27.0818996429
PCL,Pucallpa,PE,Cap FAP David Abenzur Rengifo International Airport,-8.378064,-74.574495
PCP,São Tomé & Príncipe,ST,Principe Airport,1.661155,7.411081
PCR,Puerto Carreño,CO,German Olano Airport,6.18472,-67.4932
PDA,Puerto Inírida,CO,Obando Cesar Gaviria Trujillo Airport,3.85353,-67.9062
PDG,Padang (Katapiang),ID,Minangkabau International Airport,-0.785964,100.280384
PDK,Atlanta,US,DeKalb Peachtree Airport,33.87633,-84.30213
PDL,Ponta Delgada,PT,João Paulo II Airport,37.7411994934,-25.6979007721
PDO,Talang Gudang-Sumatra Island,ID,Pendopo Airport,-3.2860701084136963,103.87999725341797
PDP,Punta del Este,UY,Capitan Corbeta CA Curbelo International Airport,-34.855099,-55.094299
PDS,Piedras Negras,MX,Piedras Negras International Airport,28.627873,-100.53524
PDT,Pendleton,US,Eastern Oregon Regional Airport at Pendleton,45.695099,-118.841003
PDU,Paysandú,UY,Tydeo Larre Borges Airport,-32.3633,-58.061901
PDV,Plovdiv,BG,Plovdiv International Airport,42.067799,24.8508
PDX,Portland,US,Portland International Airport,45.588699,-122.598
PED,Pardubice,CZ,Pardubice Airport,50.015049,15.73981
PEE,Perm,RU,Perm International Airport,57.914501,56.021198
PEG,Perugia (PG),IT,Perugia San Francesco d'Assisi – Umbria International Airport,43.095901,12.5132
PEH,Pehuajó,AR,Comodoro Pedro Zanni Airport,-35.8446,-61.8576
PEI,Pereira,CO,Matecaña International Airport,4.81267,-75.7395
PEK,Beijing,CN,Beijing Capital International Airport,40.077349,116.596702
PEM,Puerto Maldonado,PE,Padre Aldamiz International Airport,-12.6135997772,-69.2285995483
PEN,Penang,MY,Penang International Airport,5.296303,100.276185
PER,Perth,AU,Perth International Airport,-31.94029998779297,115.96700286865234
PES,Petrozavodsk,RU,Petrozavodsk Airport,61.885201,34.154701
PET,Pelotas,BR,João Simões Lopes Neto International Airport,-31.717189,-52.327796
PEV,Pécs,HU,Pécs-Pogány International Airport,45.988891,18.242044
PEW,Peshawar,PK,Bacha Khan International Airport,33.9939,71.514603
PEX,Pechora,RU,Pechora Airport,65.121101,57.130798
PEZ,Penza,RU,Penza Airport,53.1106,45.021099
PFB,Passo Fundo,BR,Lauro Kurtz Airport,-28.243976,-52.32777
PFO,Paphos,CY,Paphos International Airport,34.717999,32.485699
PGA,Page,US,Page Municipal Airport,36.924234,-111.447716
PGD,Punta Gorda,US,Punta Gorda Airport,26.9202,-81.990501
PGF,Perpignan/Rivesaltes,FR,Perpignan-Rivesaltes (Llabanère) Airport,42.740398,2.87067
PGH,Pantnagar,IN,Pantnagar Airport,29.0334,79.473701
PGK,Pangkal Pinang,ID,Depati Amir Airport,-2.1622,106.139
PGU,Khiyaroo,IR,Persian Gulf International Airport,27.379601,52.737701
PGV,Greenville,US,Pitt-Greenville Airport,35.635535,-77.384262
PGX,Périgueux/Bassillac,FR,Périgueux-Bassillac Airport,45.198101,0.815556
PGZ,Ponta Grossa,BR,Ponta Grossa Airport - Comandante Antonio Amilton Beraldo,-25.184476,-50.143822
PHB,Parnaíba,BR,Parnaíba - Prefeito Doutor João Silva Filho International Airport,-2.89375,-41.731998
PHC,Port Harcourt,NG,Port Harcourt International Airport,5.01549,6.94959
PHE,Port Hedland,AU,Port Hedland International Airport,-20.382787,118.629789
PHF,Newport News,US,Newport News Williamsburg International Airport,37.131901,-76.492996
PHG,Port Harcourt,NG,Port Harcourt City Airport / Port Harcourt Air Force Base,4.846111,7.021389
PHH,Pokhara,NP,Pokhara International Airport,28.1838,84.0147
PHL,Philadelphia,US,Philadelphia International Airport,39.871899,-75.241096
PHS,Phitsanulok,TH,Phitsanulok Airport,16.7829,100.278999
PHW,Phalaborwa,ZA,Hendrik Van Eck Airport,-23.937200546299998,31.1553993225
PHX,Phoenix,US,Phoenix Sky Harbor International Airport,33.435302,-112.005905
PHY,Phetchabun,TH,Phetchabun Airport,16.6760005951,101.194999695
PIA,Peoria,US,General Wayne A. Downing Peoria International Airport,40.663841,-89.692631
PIB,Moselle,US,Hattiesburg Laurel Regional Airport,31.4671,-89.337097
PIE,Pinellas Park,US,St. Petersburg Clearwater International Airport,27.9102,-82.687401
PIH,Pocatello,US,Pocatello Regional Airport,42.9098014831543,-112.59600067138672
PIK,"Prestwick, South Ayrshire",GB,Glasgow Prestwick Airport,55.501499,-4.577182
PIL,Pilar,PY,Aeródromo Don Carlos Miguel Gimenez,-26.881981,-58.319067
PIO,Pisco,PE,Captain Renán Elías Olivera International Airport,-13.7449,-76.220299
PIR,Pierre,US,Pierre Regional Airport,44.38270187,-100.2860031
PIS,Poitiers/Biard,FR,Poitiers-Biard Airport,46.5877,0.306666
PIT,Pittsburgh,US,Pittsburgh International Airport,40.491501,-80.232903
PIU,Piura,PE,PAF Captain Guillermo Concha Iberico International Airport,-5.20575,-80.616402
PIW,Pikwitonei,CA,Pikwitonei Airport,55.58890151977539,-97.16419982910156
PIX,Pico Island,PT,Pico Airport,38.554298,-28.441299
PIZ,Point Lay,US,Point Lay LRRS Airport,69.732903,-163.005005
PJC,Pedro Juan Caballero,PY,Aeropuerto Nacional Dr. Augusto Roberto Fuster,-22.641427,-55.829993
PJG,Panjgur,PK,Panjgur Airport,26.9545,64.1325
PJM,Puerto Jimenez,CR,Puerto Jimenez Airport,8.533329963684082,-83.30000305175781
PKB,Parkersburg (Williamstown),US,Mid Ohio Valley Regional Airport,39.3451,-81.439201
PKC,Petropavlovsk-Kamchatsky,RU,Yelizovo Airport,53.168716,158.451068
PKE,Parkes,AU,Parkes Airport,-33.131401062,148.238998413
PKR,Pokhara,NP,Pokhara Domestic Airport,28.200621,83.981203
PKT,Wadeye,AU,Port Keats Airport,-14.249701,129.529538
PKU,Pekanbaru,ID,Sultan Syarif Kasim II International Airport / Roesmin Nurjadin AFB,0.458647,101.444321
PKV,Pskov,RU,Princess Olga Pskov International Airport,57.781316,28.39384
PKW,Selebi Phikwe,BW,Selebi Phikwe Airport,-22.0583,27.8288
PKX,Beijing,CN,Beijing Daxing International Airport,39.501289,116.413967
PKY,Palangkaraya,ID,Tjilik Riwut Airport,-2.227146,113.943388
PKZ,Pakse,LA,Pakse International Airport,15.133973,105.779871
PLJ,Placencia,BZ,Placencia Airport,16.536957,-88.361511
PLL,Manaus,BR,Ponta Pelada Airport / Manaus Air Base,-3.14604,-59.986301
PLM,Palembang,ID,Sultan Mahmud Badaruddin II Airport,-2.897653,104.698147
PLN,Pellston,US,Pellston Regional Airport of Emmet County Airport,45.57089996,-84.79669952
PLO,Port Lincoln,AU,Port Lincoln Airport,-34.6053009033,135.880004883
PLQ,Palanga,LT,Palanga International Airport,55.973202,21.093901
PLS,Providenciales,TC,Providenciales International Airport,21.773697,-72.268321
PLU,Belo Horizonte,BR,Pampulha - Carlos Drummond de Andrade Airport,-19.85074,-43.950316
PLV,Poltava,UA,Suprunovka Airport,49.5686,34.397202
PLW,Palu,ID,Mutiara - SIS Al-Jufrie Airport,-0.916462,119.908647
PLX,Semey,KZ,Semei International Airport,50.351295,80.234398
PLZ,Gqeberha (Port Elizabeth),ZA,Chief Dawid Stuurman International Airport,-33.989715,25.617353
PMA,Chake Chake,TZ,Pemba Airport,-5.25726,39.811401
PMC,Puerto Montt,CL,El Tepual International Airport,-41.443093,-73.094065
PMD,Palmdale,US,Palmdale Regional Airport / USAF Plant 42 Airport,34.629398,-118.084999
PMF,Parma (PR),IT,Parma Airport,44.826351,10.29705
PMG,Ponta Porã,BR,Ponta Porã Airport,-22.549601,-55.702599
PMI,Palma de Mallorca,ES,Palma de Mallorca Airport,39.551701,2.73881
PMO,Palermo,IT,Falcone–Borsellino Airport,38.175999,13.091
PMQ,Perito Moreno,AR,Perito Moreno Jalil Hamer Airport,-46.537899,-70.978699
PMR,Palmerston North,NZ,Palmerston North Airport,-40.320599,175.617004
PMS,Tadmur,SY,Palmyra Airport,34.5574,38.316898
PMV,Isla Margarita,VE,Del Caribe Santiago Mariño International Airport,10.912603,-63.966599
PMW,Palmas,BR,Brigadeiro Lysias Rodrigues Airport,-10.2915,-48.356998
PMY,Puerto Madryn,AR,El Tehuelche Airport,-42.7592,-65.1027
PMZ,Palmar Sur,CR,Palmar Sur Airport,8.95103,-83.468597
PNA,Pamplona,ES,Pamplona Airport,42.77,-1.64633
PNB,Porto Nacional,BR,Porto Nacional Airport,-10.719402,-48.3997
PNC,Ponca City,US,Ponca City Regional Airport,36.73199844,-97.09980011
PNE,Philadelphia,US,Northeast Philadelphia Airport,40.082406,-75.010614
PNH,Phnom Penh (Pou Senchey),KH,Phnom Penh International Airport,11.547155,104.844699
PNI,Pohnpei Island,FM,Pohnpei International Airport,6.985082,158.20992
PNK,Pontianak,ID,Supadio International Airport,-0.152258,109.404493
PNL,Pantelleria (TP),IT,Pantelleria Airport,36.816502,11.9689
PNP,Popondetta,PG,Girua Airport,-8.80453968048,148.309005737
PNQ,Pune,IN,Pune International Airport,18.5821,73.919701
PNR,Pointe Noire,CG,Antonio Agostinho-Neto International Airport,-4.81603,11.8866
PNS,Pensacola,US,Pensacola International Airport,30.472718,-87.186639
PNT,Puerto Natales,CL,Lieutenant Julio Gallardo Airport,-51.67067,-72.529078
PNV,Panevėžys,LT,Panevėžys Air Base,55.729400634765625,24.460800170898438
PNX,Denison,US,North Texas Regional Airport Perrin Field,33.7141,-96.673698
PNY,Puducherry (Pondicherry),IN,Pondicherry Airport,11.968,79.812
PNZ,Petrolina,BR,Senador Nilo Coelho Airport,-9.362422,-40.569098
POA,Porto Alegre,BR,Porto Alegre-Salgado Filho International Airport,-29.993984,-51.167482
POB,Fort Bragg,US,Pope Field,35.170898,-79.014503
POE,Fort Polk,US,Polk Army Air Field,31.0447998,-93.1917038
POG,Port Gentil,GA,Port Gentil International Airport,-0.711739,8.75438
POI,Potosí,BO,Capitan Nicolas Rojas Airport,-19.543331,-65.723734
POL,Pemba,MZ,Pemba Airport,-12.993302,40.524867
POM,Port Moresby,PG,Port Moresby Jacksons International Airport,-9.443380355834961,147.22000122070312
POO,Poços De Caldas,BR,Poços de Caldas - Embaixador Walther Moreira Salles Airport,-21.842529,-46.569768
POP,Puerto Plata,DO,Gregorio Luperon International Airport,19.7579,-70.57
POR,Pori,FI,Pori Airport,61.4617,21.799999
POS,Port of Spain,TT,Piarco International Airport,10.59535,-61.337568
POT,Ken Jones,JM,Ken Jones Airport,18.1987991333,-76.53450012210001
POU,Poughkeepsie,US,Dutchess County Airport,41.6265983581543,-73.88420104980469
POW,Sečovlje,SI,Portorož Airport,45.47201,13.615951
POX,"Cormeilles-en-Vexin, Val-d'Oise",FR,Pontoise-Cormeilles Aerodrome,49.096064,2.035543
POZ,Poznań,PL,Poznań-Ławica Airport,52.421598,16.823359
PPB,Presidente Prudente,BR,Presidente Prudente Airport,-22.1751,-51.424599
PPG,Pago Pago,AS,Pago Pago International Airport,-14.331,-170.710007
PPI,Port Pirie,AU,Port Pirie Airport,-33.238899,137.994995
PPK,Petropavl,KZ,Petropavl International Airport,54.775622,69.187415
PPN,Popayán,CO,Guillermo León Valencia Airport,2.454359,-76.609253
PPP,Proserpine,AU,Proserpine Whitsunday Coast Airport,-20.494416,148.553583
PPQ,Paraparaumu,NZ,Paraparaumu Airport,-40.904701232910156,174.98899841308594
PPS,Puerto Princesa,PH,Puerto Princesa International Airport / PAF Antonio Bautista Air Base,9.742044,118.75911
PPT,Papeete,PF,Fa'a'ā International Airport,-17.553472,-149.606936
PQC,Phu Quoc Island,VN,Phú Quốc International Airport,10.169783,103.99353
PQI,Presque Isle,US,Presque Isle International Airport,46.688999,-68.0448
PQQ,Port Macquarie,AU,Port Macquarie Airport,-31.4358005524,152.863006592
PRA,Parana,AR,General Urquiza Airport,-31.7948,-60.4804
PRB,Paso Robles,US,Paso Robles Municipal Airport,35.67290115,-120.6269989
PRC,Prescott,US,Prescott Regional Airport - Ernest A. Love Field,34.653502,-112.419883
PRG,Prague,CZ,Václav Havel Airport Prague,50.100874,14.259911
PRH,Phrae,TH,Phrae Airport,18.1322,100.165001
PRI,Praslin Island,SC,Praslin Island Airport,-4.319256,55.691561
PRM,Portimão,PT,Portimão Airport,37.1493,-8.58396
PRN,Prishtina,XK,Priština Adem Jashari International Airport,42.5728,21.035801
PRV,Přerov,CZ,Přerov Air Base,49.4258,17.404699
PRX,Paris,US,Cox Field,33.636600494385,-95.450798034668
PRY,Pretoria,ZA,Wonderboom Airport,-25.6539,28.224199
PSA,Pisa (PI),IT,Pisa International Airport,43.683899,10.3927
PSC,Pasco,US,Tri Cities Airport,46.264702,-119.119003
PSD,Port Said,EG,Port Said International Airport,31.279285,32.240582
PSE,Ponce,PR,Mercedita International Airport,18.008301,-66.563004
PSG,Petersburg,US,Petersburg James A Johnson Airport,56.80170059,-132.9450073
PSI,Pasni,PK,Pasni Airport,25.290501,63.3451
PSJ,Poso-Celebes Island,ID,Kasiguncu Airport,-1.414121,120.659241
PSM,Portsmouth,US,Portsmouth International Airport at Pease,43.0779,-70.823303
PSO,Chachagüí,CO,Antonio Nariño Airport,1.396722,-77.29093
PSP,Palm Springs,US,Palm Springs International Airport,33.8297,-116.507004
PSR,Pescara,IT,Abruzzo Airport,42.431079,14.182981
PSS,Posadas,AR,Libertador Gral D Jose De San Martin Airport,-27.3858,-55.9707
PSU,Putussibau-Borneo Island,ID,Pangsuma Airport,0.834579,112.940217
PSZ,Puerto Suárez,BO,Capitán Av. Salvador Ogaya G. airport,-18.975301,-57.820599
PTG,Polokwane,ZA,Polokwane International Airport,-23.845269,29.458615
PTH,Port Heiden,US,Port Heiden Airport,56.957893,-158.630219
PTJ,Portland,AU,Portland Airport,-38.31809997558594,141.4709930419922
PTK,Pontiac,US,Oakland County International Airport,42.665500640869,-83.420097351074
PTM,Palmarito,VE,Palmarito Airport,7.575479,-70.174435
PTP,Pointe-à-Pitre,GP,Maryse Condé International Airport,16.265443,-61.532754
PTU,Platinum,US,Platinum Airport,59.017675,-161.827927
PTX,Pitalito,CO,Pitalito Airport,1.85777,-76.0857
PTY,Tocumen,PA,Tocumen International Airport,9.07136,-79.383499
PUB,Pueblo,US,Pueblo Memorial Airport,38.289101,-104.497002
PUD,Puerto Deseado,AR,Puerto Deseado Airport,-47.7353,-65.9041
PUF,Pau/Pyrénées (Uzein),FR,Pau Pyrénées Airport,43.380001,-0.418611
PUG,Port Augusta,AU,Port Augusta Airport,-32.506900787353516,137.7169952392578
PUJ,Punta Cana,DO,Punta Cana International Airport,18.567093,-68.364558
PUQ,Punta Arenas,CL,President Carlos Ibáñez International Airport,-53.002602,-70.854599
PUS,Busan,KR,Gimhae International Airport,35.179501,128.938004
PUT,Puttaparthi,IN,Sri Sathya Sai Airport,14.1492996216,77.7910995483
PUU,Puerto Asís,CO,Tres De Mayo Airport,0.505228,-76.5008
PUW,Pullman,US,Pullman-Moscow Regional Airport,46.741601,-117.11163
PUY,Pula,HR,Pula Airport,44.893501,13.9222
PUZ,Puerto Cabezas,NI,Puerto Cabezas Airport,14.047200202941895,-83.38670349121094
PVA,Providencia,CO,El Embrujo Airport,13.357461,-81.357977
PVD,Providence/Warwick,US,Rhode Island T. F. Green International Airport,41.725038,-71.425668
PVG,Shanghai (Pudong),CN,Shanghai Pudong International Airport,31.1434,121.805
PVH,Porto Velho,BR,Governador Jorge Teixeira de Oliveira International Airport,-8.708491,-63.902338
PVK,Preveza,GR,Aktion National Airport,38.925499,20.765301
PVO,Portoviejo,EC,Reales Tamarindos Airport,-1.04165,-80.472198
PVR,Puerto Vallarta,MX,Puerto Vallarta International Airport,20.679913,-105.254391
PVS,Chukotka,RU,Provideniya Bay Airport,64.378098,-173.242996
PVU,Provo,US,Provo Municipal Airport,40.218894,-111.722445
PWE,Apapelgino,RU,Pevek Airport,69.783302,170.597
PWK,Chicago/Prospect Heights/Wheeling,US,Chicago Executive Airport,42.114222,-87.901494
PWM,Portland,US,Portland International Jetport,43.646198,-70.309303
PWQ,Pavlodar,KZ,Pavlodar International Airport,52.194982,77.073088
PWT,Bremerton,US,Bremerton National Airport,47.490200042725,-122.76499938965
PWY,Pinedale,US,Ralph Wenz Field,42.79550171,-109.8069992
PXM,Puerto Escondido,MX,Puerto Escondido International Airport,15.876808,-97.0891
PXO,Vila Baleira,PT,Porto Santo Airport,33.0733985901,-16.3500003815
PXR,Surin,TH,Surin Airport,14.868300437927,103.49800109863
PXU,Pleiku,VN,Pleiku Airport,14.004500389099121,108.01699829101562
PYH,Puerto Ayacucho,VE,Cacique Aramare Airport,5.61999,-67.606102
PYJ,Yakutia,RU,Polyarny Airport,66.400398,112.029999
PYK,Karaj,IR,Payam International Airport,35.7761,50.826698
PYR,Andravida,GR,Andravida Air Base,37.9207,21.292601
PZA,Paz de Ariporo,CO,Paz de Ariporo Airport,5.876146,-71.886671
PZB,Pietermaritzburg,ZA,Pietermaritzburg Airport,-29.649000167799997,30.3987007141
PZH,Fort Sandeman,PK,Zhob Airport,31.358400344848633,69.4636001586914
PZI,Panzhihua (Renhe),CN,Panzhihua Bao'anying Airport,26.54,101.79852
PZO,Guyana City,VE,General Manuel Carlos Piar International Airport,8.28853,-62.760399
PZS,Temuco,CL,Maquehue Airport,-38.766799926758,-72.637100219727
PZU,Port Sudan,SD,Port Sudan New International Airport,19.434558,37.234125
PZY,Piešťany,SK,Piešťany Airport,48.62519836425781,17.828399658203125
QBC,Bella Coola,CA,Bella Coola Airport,52.387501,-126.596001
QCY,"Lincoln, Lincolnshire",GB,RAF Coningsby,53.092999,-0.166014
QGU,Gifu,JP,Gifu Airport,35.3941,136.869995
QHR,Debre Zeyit,ET,Harar Meda Airport,8.7163,39.0059
QMJ,Masjed Soleyman,IR,Shahid Asiyaee Airport,32.001719,49.268599
QOW,Owerri,NG,Sam Mbakwe International Cargo Airport,5.42706,7.20603
QPG,Paya Lebar,SG,Paya Lebar Air Base,1.36042,103.910004
QRA,Johannesburg,ZA,Rand Airport,-26.2425,28.151199
QRM,Narromine,AU,Narromine Airport,-32.214699,148.225006
QRO,Querétaro,MX,Querétaro Intercontinental Airport,20.618779,-100.186449
QRW,Okpe,NG,Warri Airport,5.59821,5.8187
QSF,Sétif,DZ,Ain Arnat Airport,36.178488,5.329909
QSR,Salerno,IT,Salerno Costa d'Amalfi Airport,40.620399,14.9113
QSZ,Shache,CN,Shache Airport,38.24542,77.056149
QUO,Uyo,NG,Akwa Ibom International Airport,4.8725,8.093
RAB,Kokopo,PG,Tokua Airport,-4.34046,152.380005
RAE,Arar,SA,Arar Domestic Airport,30.906600952148438,41.13819885253906
RAH,Rafha,SA,Rafha Domestic Airport,29.626399993896484,43.4906005859375
RAI,Praia,CV,Nelson Mandela International Airport,14.941126,-23.484728
RAJ,Rajkot,IN,Rajkot Airport,22.3092,70.779503
RAK,Marrakesh,MA,Marrakesh Menara Airport,31.604807,-8.035788
RAL,Riverside,US,Riverside Municipal Airport,33.9519,-117.445
RAO,Ribeirão Preto,BR,Leite Lopes Airport,-21.134314,-47.774053
RAP,Rapid City,US,Rapid City Regional Airport,44.0452995300293,-103.05699920654297
RAR,Avarua,CK,Rarotonga International Airport,-21.2027,-159.806
RAS,Rasht,IR,Sardar-e-Jangal Airport,37.323333,49.617778
RAZ,Rawalakot,PK,Rawalakot Airport,33.849701,73.798103
RBA,Rabat,MA,Rabat-Salé Airport,34.051498,-6.75152
RBE,Ratanakiri,KH,Ratanakiri Airport,13.729999542236328,106.98699951171875
RBL,Red Bluff,US,Red Bluff Municipal Airport,40.1506996155,-122.251998901
RBR,Rio Branco,BR,Rio Branco-Plácido de Castro International Airport,-9.869031,-67.893984
RBY,Ruby,US,Ruby Airport,64.727203,-155.470001
RCA,Rapid City,US,Ellsworth Air Force Base,44.14500046,-103.1039963
RCB,Richards Bay,ZA,Richards Bay Airport,-28.740999221800003,32.0920982361
RCH,Riohacha,CO,Almirante Padilla Airport,11.5262,-72.926
RCO,Rochefort/Saint-Agnant,FR,Rochefort-Saint-Agnant (BA 721) Airport,45.887798,-0.983056
RCQ,Reconquista,AR,Reconquista Airport,-29.210278,-59.683333
RCU,Rio Cuarto,AR,Area De Material Airport,-33.085098,-64.261299
RDD,Redding,US,Redding Municipal Airport,40.50899887,-122.2929993
RDG,Reading,US,Reading Regional Airport (Carl A Spaatz Field),40.378502,-75.965202
RDL,El Hassana,EG,Bardawil International Airport,30.410714,33.15535
RDM,Redmond,US,Roberts Field,44.254101,-121.150002
RDO,Radom,PL,Warsaw Radom Airport,51.38937,21.214742
RDP,Durgapur,IN,Kazi Nazrul Islam Airport,23.6225,87.243
RDR,Grand Forks,US,Grand Forks Air Force Base,47.961101532,-97.4011993408
RDS,Rincon de los Sauces,AR,Rincon De Los Sauces Airport,-37.390598,-68.904198
RDU,Raleigh/Durham,US,Raleigh-Durham International Airport,35.878659,-78.7873
RDZ,Rodez/Marcillac,FR,Rodez–Aveyron Airport,44.407902,2.48267
REA,Reao,PF,Reao Airport,-18.46652,-136.43855
REC,Recife,BR,Recife/Guararapes - Gilberto Freyre International Airport,-8.12747,-34.922961
REG,Reggio Calabria,IT,Reggio Calabria Airport,38.071201,15.6516
REL,Rawson,AR,Almirante Marco Andres Zar Airport,-43.2105,-65.2703
REN,Orenburg,RU,Orenburg Central Airport,51.792668,55.457229
RER,Retalhuleu,GT,Retalhuleu Airport,14.521431,-91.697001
RES,Resistencia,AR,Resistencia International Airport,-27.44991,-59.056125
REU,Reus,ES,Reus Airport,41.147509,1.168354
REW,Rewa,IN,"Rewa Airport, Chorhata, REWA",24.503401,81.220299
REX,Reynosa,MX,General Lucio Blanco International Airport,26.0089,-98.2285
RFD,Chicago/Rockford,US,Chicago Rockford International Airport,42.1954,-89.097198
RFP,Uturoa,PF,Raiatea Airport,-16.7229,-151.466003
RGA,Rio Grande,AR,Gobernador Ramón Trejo Noel International Airport,-53.7777,-67.7494
RGI,Rangiroa,PF,Rangiroa Airport,-14.954299926757812,-147.66099548339844
RGK,Gorno-Altaysk,RU,Gorno-Altaysk Airport,51.969204,85.836539
RGL,Rio Gallegos,AR,Piloto Civil Norberto Fernández International Airport,-51.608791,-69.308948
RGN,Yangon,MM,Yangon International Airport,16.907300949099998,96.1332015991
RGO,Hoemun-ri,KP,Orang (Chongjin) Airport,41.428538,129.647555
RGS,Burgos,ES,Burgos Airport,42.357601,-3.62076
RGT,Rengat-Sumatra Island,ID,Japura Airport,-0.352808,102.334999
RHD,Termas de Río Hondo,AR,Termas de Río Hondo international Airport,-27.4966,-64.93595
RHI,Rhinelander,US,Rhinelander Oneida County Airport,45.63119888305664,-89.46749877929688
RHO,Rhodes,GR,"Rhodes International Airport ""Diagoras""",36.405399,28.086201
RIA,Santa Maria,BR,Santa Maria Airport,-29.711399,-53.688202
RIB,Riberalta,BO,Capitán Av. Selin Zeitun Lopez Airport,-11.009355,-66.075468
RIC,Richmond,US,Richmond International Airport,37.505199,-77.319702
RIJ,Rioja,PE,Juan Simons Vela Airport,-6.06786,-77.160004
RIL,Rifle,US,Garfield County Regional Airport,39.526299,-107.726997
RIS,Rishiri,JP,Rishiri Airport,45.2420005798,141.186004639
RIV,Riverside,US,March Air Reserve Base,33.880699,-117.259003
RIW,Riverton,US,Central Wyoming Regional Airport,43.064201,-108.459999
RIX,Riga,LV,Riga International Airport,56.920752,23.970711
RIY,Mukalla(Riyan),YE,Riyan International Airport,14.662241,49.375289
RIZ,Rizhao (Donggang),CN,Rizhao Shanzihe Airport,35.405033,119.324403
RJA,Madhurapudi,IN,Rajahmundry Airport,17.105799,81.813204
RJH,Rajshahi,BD,Shah Makhdum Airport,24.437201,88.616501
RJK,Rijeka(Omišalj),HR,Rijeka Airport,45.216376,14.57085
RJL,Logroño,ES,Logroño-Agoncillo Airport,42.460953,-2.322235
RJN,Rafsanjan,IR,Rafsanjan Airport,30.298345,56.048979
RKD,Rockland,US,Knox County Regional Airport,44.060101,-69.099197
RKE,Roskilde,DK,Copenhagen Roskilde Airport,55.585602,12.1314
RKS,Rock Springs,US,Southwest Wyoming Regional Airport,41.5942,-109.065001
RKT,Ras Al Khaimah,AE,Ras Al Khaimah International Airport,25.613501,55.938801
RKV,Reykjavík,IS,Reykjavík Domestic Airport,64.128732,-21.93759
RKZ,Xigazê (Samzhubzê),CN,Xigaze Peace Airport / Shigatse Air Base,29.350876,89.299157
RLG,Laage,DE,Rostock-Laage Airport,53.918201,12.2783
RLK,Bayannur,CN,Bayannur Tianjitai Airport,40.926358,107.74093
RMA,Roma,AU,Roma Airport,-26.545000076300003,148.774993896
RME,Rome,US,Griffiss International Airport,43.23379898,-75.40699768
RMF,Marsa Alam,EG,Marsa Alam International Airport,25.555548,34.59245
RMG,Rome,US,Richard B Russell Airport,34.3506011963,-85.15799713130001
RMI,Rimini (RN),IT,Federico Fellini International Airport,44.020024,12.612198
RMK,Renmark,AU,Renmark Airport,-34.1964,140.673996
RML,Colombo,LK,Colombo Ratmalana International Airport,6.821638,79.885859
RMO,Chişinău,MD,Chişinău International Airport,46.92774,28.931704
RMQ,Taichung (Qingshui),TW,Taichung International Airport / Ching Chuang Kang Air Base,24.2647,120.621002
RMS,Ramstein-Miesenbach,DE,Ramstein Air Base,49.436901,7.60028
RMU,Corvera,ES,Region of Murcia International Airport,37.802852,-1.124884
RMZ,Tobolsk,RU,Tobolsk Remezov Airport,58.059712,68.347997
RNB,Ronneby,SE,Ronneby Airport,56.266701,15.265
RND,Universal City,US,Randolph Air Force Base,29.529699,-98.2789
RNE,Saint-Léger-sur-Roanne,FR,Roanne-Renaison Airport,46.053818,3.999023
RNH,New Richmond,US,New Richmond Regional Airport,45.1483,-92.538101
RNJ,Yoron,JP,Yoron Airport,27.043847,128.401648
RNN,Rønne,DK,Bornholm Airport,55.063301,14.7596
RNO,Reno,US,Reno Tahoe International Airport,39.4991,-119.767998
RNS,"Saint-Jacques-de-la-Lande, Ille-et-Vilaine",FR,Rennes-Saint-Jacques Airport,48.0695,-1.73479
ROA,Roanoke,US,Roanoke–Blacksburg Regional Airport,37.3255,-79.975403
ROB,Monrovia,LR,Roberts International Airport,6.23379,-10.3623
ROC,Rochester,US,Frederick Douglass Greater Rochester International Airport,43.1189,-77.672401
ROD,Robertson,ZA,Robertson Airport,-33.812199,19.9028
ROI,Roi Et,TH,Roi Et Airport,16.1168,103.774002
ROK,Rockhampton,AU,Rockhampton Airport,-23.380019,150.475359
ROO,Rondonópolis,BR,Maestro Marinho Franco Airport,-16.584292,-54.724803
ROP,Rota Island,MP,Rota International Airport,14.173267,145.241103
ROR,Babelthuap Island,PW,Roman Tmetuchl International Airport,7.366965,134.544085
ROS,Rosario,AR,Rosario Islas Malvinas International Airport,-32.9036,-60.785
ROT,Rotorua,NZ,Rotorua Regional Airport,-38.1092,176.317001
ROV,Rostov-on-Don,RU,Platov International Airport,47.493888,39.924722
ROW,Roswell,US,Roswell Air Center Airport,33.301601,-104.530998
ROZ,Rota,ES,Rota Naval Station Airport,36.645198822,-6.34946012497
RPM,Roper River,AU,Ngukurr Airport,-14.7228,134.746994
RPN,Rosh Pina,IL,Rosh Pina Airport,32.980999,35.571899
RPR,Raipur,IN,Swami Vivekananda Airport,21.180401,81.7388
RQA,Ruoqiang Town,CN,Ruoqiang Loulan Airport,38.974722,88.008333
RQW,Qayyarah,IQ,Qayyarah West Airport,35.7672,43.125099
RQY,Shimoga,IN,Rashtrakavi Kuvempu Airport,13.858024,75.618868
RRE,Marree,AU,Marree Airport,-29.6633,138.065002
RRG,Port Mathurin,MU,Sir Charles Gaetan Duval Airport,-19.756696,63.359326
RRJ,Rio de Janeiro,BR,Jacarepaguá - Roberto Marinho Airport,-22.986773,-43.372194
RRK,Rourkela,IN,Rourkela Airport,22.256571,84.815193
RRS,Røros,NO,Røros Airport,62.578399658203,11.342300415039
RSA,Santa Rosa,AR,Santa Rosa Airport,-36.588299,-64.275703
RSD,Rock Sound,BS,Rock Sound International Airport,24.89165,-76.177602
RSI,Hanak,SA,Red Sea International Airport,25.627975,37.088914
RSL,Russell,US,Russell Municipal Airport,38.872100830078,-98.811798095703
RST,Rochester,US,Rochester International Airport,43.908298,-92.5
RSU,Yeosu,KR,Yeosu Airport,34.84230041503906,127.61699676513672
RSW,Fort Myers,US,Southwest Florida International Airport,26.534685,-81.752816
RTB,Coxen Hole,HN,Juan Manuel Gálvez International Airport,16.316799,-86.523003
RTC,Ratnagiri,IN,Ratnagiri Airport,17.013599,73.327797
RTE,São Paulo,BR,Campo de Marte Airport,-23.5091,-46.637798
RTM,Rotterdam,NL,Rotterdam The Hague Airport,51.956902,4.43722
RUA,Arua,UG,Arua Airport,3.049152,30.911714
RUG,Rugao (Nantong),CN,Rugao Air Base,32.258341,120.501131
RUH,Riyadh,SA,King Khalid International Airport,24.9576,46.698799
RUI,Alto,US,Sierra Blanca Regional Airport,33.462799,-105.535004
RUN,Sainte-Marie,RE,Roland Garros Airport,-20.890087,55.518894
RUR,Rurutu,PF,Rurutu Airport,-22.434099197387695,-151.36099243164062
RUT,Rutland,US,Rutland - Southern Vermont Regional Airport,43.5294,-72.9496
RUV,Rubelsanto,GT,Rubelsanto Airport,15.992,-90.445297
RVK,Rørvik,NO,"Rørvik Airport, Ryum",64.838302612305,11.14610004425
RVN,Rovaniemi,FI,Rovaniemi Airport,66.563327,25.829751
RVS,Tulsa,US,Tulsa Riverside Airport,36.0396,-95.984596
RVY,Rivera/Santana do Livramento,UY,Pres. Gral. Óscar D. Gestido Binational Airport,-30.9746,-55.4762
RWF,Redwood Falls,US,Redwood Falls Municipal Airport,44.547199,-95.082298
RWI,Rocky Mount,US,Rocky Mount Wilson Regional Airport,35.8563,-77.891899
RWL,Rawlins,US,Rawlins Municipal Airport/Harvey Field,41.80559921,-107.1999969
RWN,Rivne,UA,Rivne International Airport,50.607101,26.1416
RXS,Roxas City,PH,Roxas Airport,11.597700119018555,122.75199890136719
RYB,Rybinsk,RU,Staroselye Airport,58.104198,38.929401
RYK,Rahim Yar Khan,PK,Shaikh Zaid Airport,28.383899688720703,70.27960205078125
RYN,Royan/Médis,FR,Royan-Médis Airport,45.628101,-0.9725
RZA,Puerto Santa Cruz,AR,Santa Cruz Airport,-50.0165,-68.5792
RZE,Jasionka,PL,Rzeszów-Jasionka Airport,50.109791,22.024155
RZR,Ramsar,IR,Ramsar Airport,36.90701,50.687316
RZV,Rize,TR,Rize–Artvin Airport,41.179766,40.848802
SAB,Zion's Hill,BQ,Juancho E. Yrausquin Airport,17.64533,-63.220514
SAC,Sacramento,US,Sacramento Executive Airport,38.5125007629,-121.492996216
SAF,Santa Fe,US,Santa Fe Municipal Airport,35.6171,-106.088997
SAG,Kakadi,IN,Shirdi International Airport,19.689211,74.373655
SAH,Sanaa,YE,Sanaa International Airport,15.4763,44.2197
SAI,Siem Reap,KH,Siem Reap-Angkor International Airport,13.36974,104.223831
SAL,San Salvador (San Luis Talpa),SV,El Salvador International Airport Saint Óscar Arnulfo Romero y Galdámez,13.44447,-89.055784
SAN,San Diego,US,San Diego International Airport,32.733601,-117.190002
SAP,San Pedro Sula,HN,Ramón Villeda Morales International Airport,15.4526,-87.923599
SAQ,Andros Island,BS,San Andros Airport,25.053800582885742,-78.04900360107422
SAT,San Antonio,US,San Antonio International Airport,29.533701,-98.469803
SAV,Savannah,US,Savannah Hilton Head International Airport,32.126591,-81.19998
SAW,"Pendik, Istanbul",TR,Istanbul Sabiha Gökçen International Airport,40.898602,29.3092
SBA,Santa Barbara,US,Santa Barbara Municipal Airport,34.426201,-119.839996
SBD,San Bernardino,US,San Bernardino International Airport,34.096717,-117.236596
SBH,Gustavia,BL,St. Jean Airport,17.904398,-62.843333
SBK,"Trémuson, Côtes-d'Armor",FR,Saint-Brieuc-Armor Airport,48.538628,-2.853518
SBL,Santa Ana del Yacuma,BO,Santa Ana Del Yacuma Airport,-13.762200355500001,-65.4352035522
SBN,South Bend,US,South Bend International Airport,41.708304,-86.316922
SBP,San Luis Obispo,US,San Luis County Regional Airport,35.236801147499996,-120.641998291
SBT,Sabetta,RU,Sabetta International Airport,71.219167,72.052222
SBU,Springbok,ZA,Springbok Airport,-29.689300537109375,17.939599990844727
SBW,Sibu,MY,Sibu Airport,2.2616,111.985001
SBY,Salisbury,US,Salisbury Ocean City Wicomico Regional Airport,38.34049987792969,-75.51029968261719
SBZ,Sibiu,RO,Sibiu International Airport,45.785841,24.086666
SCC,Deadhorse,US,Deadhorse Airport,70.19470215,-148.4649963
SCE,State College,US,State College Regional Airport,40.849374,-77.84852
SCH,Schenectady,US,Schenectady County Airport,42.852500915527,-73.928901672363
SCI,San Cristóbal,VE,Paramillo Airport,7.801389,-72.202778
SCK,Stockton,US,Stockton Metropolitan Airport,37.893279,-121.238079
SCL,Santiago,CL,Comodoro Arturo Merino Benítez International Airport,-33.393001556396484,-70.78579711914062
SCN,Saarbrücken,DE,Saarbrücken Airport,49.214545,7.109735
SCO,Aktau,KZ,Aktau International Airport,43.860093,51.09086
SCQ,Santiago de Compostela,ES,Santiago-Rosalía de Castro Airport,42.896301,-8.41514
SCR,Malung-Sälen,SE,Scandinavian Mountains Airport,61.16508,12.83352
SCT,Mori,YE,Socotra Airport,12.632093,53.906173
SCU,Santiago,CU,Antonio Maceo International Airport,19.97474,-75.835504
SCV,Suceava,RO,Suceava Ștefan cel Mare International Airport,47.6875,26.354099
SCW,Syktyvkar,RU,Syktyvkar Airport,61.64699935913086,50.84510040283203
SDB,Langebaanweg,ZA,Langebaanweg Airport,-32.968898773199996,18.1602993011
SDD,Lubango,AO,Lubango Mukanka International Airport,-14.924839,13.576653
SDE,Santiago del Estero,AR,Vicecomodoro Angel D. La Paz Aragonés Airport,-27.765556335399996,-64.3099975586
SDF,Louisville,US,Louisville Muhammad Ali International Airport,38.1706,-85.735076
SDG,Sanandaj,IR,Sanandaj Airport,35.24589920043945,47.00920104980469
SDJ,Natori,JP,Sendai Airport,38.139702,140.917007
SDK,Sandakan,MY,Sandakan Airport,5.900899887084961,118.05899810791016
SDL,Sundsvall/ Härnösand,SE,Sundsvall-Härnösand Airport,62.528099060058594,17.443899154663086
SDM,San Diego,US,Brown Field Municipal Airport,32.572639,-116.980019
SDP,Sand Point,US,Sand Point Airport,55.313908,-160.522099
SDQ,Santo Domingo,DO,Las Américas International Airport,18.42970085144,-69.668899536133
SDR,Santander,ES,Seve Ballesteros-Santander Airport,43.427101,-3.82001
SDS,Sado,JP,Sado Airport,38.0601997375,138.414001465
SDT,Saidu Sharif,PK,Saidu Sharif Airport,34.813599,72.352798
SDU,Rio de Janeiro,BR,Santos Dumont Airport,-22.910397,-43.16282
SDW,Chipi,IN,Sindhudurg Airport,16.002552,73.529846
SDY,Sidney,US,Sidney - Richland Regional Airport,47.705141,-104.194422
SEA,Seattle,US,Seattle–Tacoma International Airport,47.447943,-122.310276
SEB,Sabha,LY,Sabha Airport,26.992452,14.466162
SEK,Srednekolymsk,RU,Srednekolymsk Airport,67.4805,153.7364
SEN,"Southend-on-Sea, Essex",GB,London Southend Airport,51.570562,0.693627
SES,Svetlogorsk,RU,Svetlogorsk Airport,66.839996,88.403336
SEZ,Victoria,SC,Seychelles International Airport,-4.67434,55.521801
SFA,Sfax,TN,Sfax Thyna International Airport,34.717999,10.691
SFB,Orlando,US,Orlando Sanford International Airport,28.774277,-81.234626
SFD,San Fernando de Apure,VE,San Fernando de Apure Las Flecheras National Airport,7.88332,-67.444
SFE,San Fernando,PH,San Fernando Airport,16.5956,120.303001
SFF,Spokane,US,Felts Field,47.682899,-117.321925
SFG,Grand Case,MF,Grand Case-l'Espérance Airport,18.100057,-63.047444
SFJ,Kangerlussuaq,GL,Kangerlussuaq International Airport,67.010446,-50.715294
SFN,Santa Fe,AR,Sauce Viejo Airport,-31.7117,-60.8117
SFO,San Francisco,US,San Francisco International Airport,37.619806,-122.374821
SFS,Olongapo,PH,Subic Bay International Airport / Naval Air Station Cubi Point,14.794833,120.271883
SFT,Skellefteå,SE,Skellefteå Airport,64.62480163574219,21.076900482177734
SGC,Surgut,RU,Surgut International Airport,61.340501,73.405782
SGD,Sønderborg,DK,Sønderborg Airport,54.96440124511719,9.791729927062988
SGE,Burbach,DE,Siegerland Airport,50.707699,8.08297
SGF,Springfield,US,Springfield Branson National Airport,37.245047,-93.388596
SGH,Springfield,US,Springfield-Beckley Municipal Airport,39.840301513672,-83.840202331543
SGI,Sargodha,PK,Mushaf Air Base,32.04859924316406,72.66500091552734
SGL,Cavite,PH,Danilo Atienza Air Base,14.4954,120.903999
SGN,Ho Chi Minh City,VN,Tan Son Nhat International Airport,10.8188,106.652
SGR,Houston,US,Sugar Land Regional Airport,29.622299194336,-95.65650177002
SGU,St George,US,St George Regional Airport,37.036389,-113.510306
SGZ,Songkhla,TH,Songkhla Airport,7.186560153961182,100.60800170898438
SHA,Shanghai (Minhang),CN,Shanghai Hongqiao International Airport,31.198104,121.33426
SHB,Nakashibetsu,JP,Nakashibetsu Airport,43.5774993896,144.960006714
SHD,Weyers Cave,US,Shenandoah Valley Regional Airport,38.263802,-78.8964
SHE,Shenyang,CN,Shenyang Taoxian International Airport,41.6398,123.483668
SHI,Miyakojima,JP,Shimojishima Airport,24.8267,125.144997
SHJ,Sharjah,AE,Sharjah International Airport,25.3286,55.5172
SHL,Shillong,IN,Shillong Airport,25.70359992980957,91.97869873046875
SHM,Shirahama,JP,Nanki Shirahama Airport,33.6622009277,135.363998413
SHO,Mpaka,SZ,King Mswati III International Airport,-26.358611,31.716944
SHR,Sheridan,US,Sheridan County Airport,44.76919937133789,-106.9800033569336
SHS,Jingzhou (Shashi),CN,Jingzhou Shashi Airport,30.29281,112.44854
SHT,Shepparton,AU,Shepparton Airport,-36.428341,145.391473
SHV,Shreveport,US,Shreveport Regional Airport,32.444747,-93.826741
SHW,Sharurah,SA,Sharurah Domestic Airport,17.4669,47.121399
SIA,Xi'an (Baqiao),CN,Xi'an Xiguan Airport,34.376701,109.120003
SID,Espargos,CV,Amílcar Cabral International Airport,16.7414,-22.9494
SIG,San Juan,PR,Fernando Luis Ribas Dominicci Airport,18.45680046081543,-66.09809875488281
SIJ,Siglufjörður,IS,Siglufjörður Airport,66.137847,-18.908157
SIN,Singapore,SG,Singapore Changi Airport,1.35019,103.994003
SIO,Smithton,AU,Smithton Airport,-40.834999084472656,145.08399963378906
SIP,Simferopol,UA,Simferopol International Airport,45.0522,33.975101
SIR,Sion,CH,Sion Airport,46.219166,7.326944
SIS,Sishen,ZA,Sishen Airport,-27.6486,22.9993
SIT,Sitka,US,Sitka Rocky Gutierrez Airport,57.04710006713867,-135.36199951171875
SJC,San Jose,US,Mineta San Jose International Airport,37.362452,-121.929188
SJD,San José del Cabo,MX,Los Cabos International Airport,23.151919,-109.720731
SJE,San José Del Guaviare,CO,Jorge E. Gonzalez Torres Airport,2.57969,-72.6394
SJI,San Jose,PH,San Jose Airport,12.361499786399998,121.04699707
SJJ,Sarajevo,BA,Sarajevo International Airport,43.8246,18.331499
SJK,São José Dos Campos,BR,Professor Urbano Ernesto Stumpf Airport,-23.2292,-45.8615
SJL,São Gabriel da Cachoeira,BR,São Gabriel da Cachoeira Airport,-0.14835,-66.9855
SJO,San José (Alajuela),CR,Juan Santamaría International Airport,9.99386,-84.208801
SJP,São José do Rio Preto,BR,Prof. Eribelto Manoel Reino State Airport,-20.817113,-49.406963
SJT,San Angelo,US,San Angelo Regional Mathis Field,31.35770034790039,-100.49600219726562
SJU,San Juan,PR,Luis Munoz Marin International Airport,18.4394,-66.001801
SJW,Shijiazhuang,CN,Shijiazhuang Zhengding International Airport,38.280701,114.696999
SJX,Sartaneja,BZ,Sartaneja Airport,18.3561,-88.130798
SJY,Seinäjoki / Ilmajoki,FI,Seinäjoki Airport,62.692101,22.8323
SJZ,Velas,PT,São Jorge Airport,38.665501,-28.1758
SKA,Spokane,US,Fairchild Air Force Base,47.615101,-117.655998
SKB,Basseterre,KN,Robert L. Bradshaw International Airport,17.310845,-62.719117
SKD,Samarkand,UZ,Samarkand International Airport,39.701842,66.981467
SKF,San Antonio,US,Lackland Air Force Base,29.38419914,-98.58110046
SKG,Thessaloniki,GR,Thessaloniki Macedonia International Airport,40.51928,22.970009
SKN,Hadsel,NO,"Stokmarknes Airport, Skagen",68.578827,15.033417
SKO,Sokoto,NG,Sadiq Abubakar III International Airport,12.915729,5.207547
SKP,Ilinden,MK,Skopje International Airport,41.958087,21.622581
SKS,Vojens,DK,Skrydstrup Air Base,55.221048,9.26702
SKT,Sialkot,PK,Sialkot International Airport,32.535941,74.364623
SKV,Saint Catherine,EG,Saint Catherine International Airport,28.684292,34.064409
SKX,Saransk,RU,Saransk International Airport,54.12513,45.212257
SKZ,Sukkur,PK,Begum Nusrat Bhutto International Airport Sukkur,27.722,68.791702
SLA,Salta,AR,Martín Miguel de Güemes International Airport,-24.856001,-65.486198
SLC,Salt Lake City,US,Salt Lake City International Airport,40.78886,-111.979866
SLD,Sliač,SK,Sliač Airport,48.63779830932617,19.13409996032715
SLE,Salem,US,Salem-Willamette Valley Airport/McNary Field,44.9095,-123.002998
SLK,Saranac Lake,US,Adirondack Regional Airport,44.38691,-74.204629
SLL,Salalah,OM,Salalah International Airport,17.0387,54.091301
SLM,Salamanca,ES,Salamanca Airport,40.952099,-5.50199
SLN,Salina,US,Salina Municipal Airport,38.79100036621094,-97.6521987915039
SLP,San Luis Potosí,MX,Ponciano Arriaga International Airport,22.262026,-100.935692
SLU,Castries,LC,George F. L. Charles Airport,14.0202,-60.992901
SLW,Saltillo,MX,Plan de Guadalupe International Airport,25.53786,-100.928346
SLY,Salekhard,RU,Salekhard Airport,66.5907974243164,66.61100006103516
SLZ,São Luís,BR,Marechal Cunha Machado International Airport,-2.586386,-44.235008
SMA,Vila do Porto,PT,Santa Maria Airport,36.97140121459961,-25.17060089111328
SME,Somerset,US,Lake Cumberland Regional Airport,37.053398132299996,-84.6158981323
SMF,Sacramento,US,Sacramento International Airport,38.6954,-121.591003
SMI,Samos Island,GR,Samos Airport,37.689999,26.911699
SML,Stella Maris,BS,Stella Maris Airport,23.582317,-75.268621
SMN,Salmon,US,Lemhi County Airport,45.122233,-113.88196
SMO,Santa Monica,US,Santa Monica Municipal Airport,34.0158,-118.450996
SMR,Santa Marta,CO,Simón Bolívar International Airport,11.1196,-74.2306
SMS,Vohilava,MG,Sainte Marie Airport,-17.093901,49.8158
SMV,Samedan,CH,Engadin Airport,46.5341,9.88411
SMW,Smara,EH,Smara Airport,26.731987,-11.683655
SMX,Santa Maria,US,Santa Maria Public Airport Captain G Allan Hancock Field,34.898899,-120.457001
SNA,Santa Ana,US,John Wayne Orange County International Airport,33.675063,-117.869281
SNB,Milikapiti,AU,Snake Bay Airport,-11.417674,130.648481
SNC,Salinas/La Libertad,EC,General Ulpiano Paez International Airport,-2.210057,-80.985067
SNE,Preguiça,CV,Preguiça Airport,16.588852,-24.284132
SNF,San Felipe,VE,Sub Teniente Nestor Arias Airport,10.2787,-68.755203
SNI,Greenville,LR,Greenville/Sinoe Airport,5.032124,-9.064236
SNJ,Sandino,CU,San Julián Air Base,22.100525,-84.157376
SNN,Shannon,IE,Shannon Airport,52.702,-8.92482
SNO,Sakon Nakhon,TH,Sakon Nakhon Airport,17.195100784301758,104.11900329589844
SNP,St Paul Island,US,St Paul Island Airport,57.166311,-170.222555
SNR,Saint-Nazaire/Montoir,FR,Saint-Nazaire-Montoir Airport,47.31142,-2.152634
SNS,Salinas,US,Salinas Municipal Airport,36.662799835205,-121.60600280762
SNU,Santa Clara,CU,Abel Santamaria International Airport,22.492215,-79.943119
SNV,Santa Elena de Uairén,VE,Santa Elena de Uairén Airport,4.554699,-61.145234
SNW,Thandwe,MM,Thandwe Airport,18.4606990814209,94.30010223388672
SNY,Sidney,US,Sidney Municipal Airport Lloyd W Carr Field,41.101299,-102.985001
SNZ,Rio de Janeiro,BR,Santa Cruz Air Force Base,-22.9324,-43.719101
SOB,Sármellék,HU,Hévíz–Balaton Airport,46.686391,17.159084
SOC,Surakarta,ID,Adisoemarmo International Airport,-7.516044,110.757492
SOF,Sofia,BG,Sofia Airport,42.696357,23.417671
SOJ,Sørkjosen,NO,Sørkjosen Airport,69.786797,20.9594
SOM,El Tigre,VE,San Tomé Airport,8.9451465606689,-64.151084899902
SON,Luganville,VU,Santo Pekoa International Airport,-15.505000114399998,167.220001221
SOO,Söderhamn,SE,Söderhamn Airport,61.261501,17.0991
SOQ,Sorong,ID,Domine Eduard Osok Airport,-0.894,131.287
SOT,Sodankyla,FI,Sodankyla Airport,67.3949966431,26.6191005707
SOU,Southampton,GB,Southampton Airport,50.950298,-1.3568
SOW,Show Low,US,Show Low Regional Airport,34.264062,-110.007091
SOZ,Solenzara,FR,Solenzara (BA 126) Air Base,41.9244,9.406
SPC,"Sta Cruz de la Palma, La Palma Island",ES,La Palma Airport,28.626499,-17.7556
SPD,Saidpur,BD,Saidpur Airport,25.759199,88.908897
SPI,Springfield,US,Abraham Lincoln Capital Airport,39.844101,-89.677902
SPM,Trier,DE,Spangdahlem Air Base,49.976507,6.698413
SPN,"I Fadang, Saipan",MP,Saipan International Airport,15.119384,145.728848
SPP,Menongue,AO,Menongue Airport,-14.657600402832031,17.71980094909668
SPR,San Pedro,BZ,John Greif II Airport,17.9139,-87.9711
SPS,Wichita Falls,US,Wichita Falls Municipal Airport / Sheppard Air Force Base,33.9888,-98.491898
SPU,Split,HR,Split Saint Jerome Airport,43.538898,16.298
SPX,Al Jiza,EG,Sphinx International Airport,30.108179,30.895728
SPY,San Pedro,CI,San Pedro Airport,4.74672,-6.66082
SQD,Shangrao (Hengfeng),CN,Shangrao Sanqingshan Airport,28.3797,117.9643
SQG,Sintang,ID,Tebelian Airport,-0.045214,111.458049
SQJ,Sanming (Sha),CN,Sanming Shaxian Airport,26.4263,117.8336
SQL,San Carlos,US,San Carlos Airport,37.51313,-122.250838
SQO,Storuman,SE,Storuman Airport,64.960899,17.6966
SQQ,Šiauliai,LT,Šiauliai International Airport,55.89390182495117,23.395000457763672
SQW,Skive,DK,Skive Airport,56.550201,9.17298
SRE,Sucre,BO,Alcantarí International Airport,-19.246835,-65.149611
SRG,Semarang,ID,Jenderal Ahmad Yani Airport,-6.970732,110.373244
SRP,Leirvik,NO,"Stord Airport, Sørstokken",59.791901,5.34085
SRQ,Sarasota/Bradenton,US,Sarasota Bradenton International Airport,27.394631,-82.554359
SRT,Soroti,UG,Soroti Airport,1.7276899814605713,33.622798919677734
SRX,Sirt,LY,Sirt International Airport / Ghardabiya Airbase,31.058578,16.597095
SRY,Sari,IR,Sari Dasht-e Naz International Airport,36.644408,53.188761
SRZ,Santa Cruz,BO,El Trompillo Airport,-17.8115997314,-63.1715011597
SSA,Salvador,BR,Deputado Luiz Eduardo Magalhães International Airport,-12.908611,-38.322498
SSC,Sumter,US,Shaw Air Force Base,33.972698,-80.470596
SSE,Solapur,IN,Solapur Airport,17.6280002594,75.93479919430001
SSF,San Antonio,US,Stinson Municipal Airport,29.336999893188,-98.471099853516
SSG,Malabo,GQ,Malabo International Airport,3.75527,8.70872
SSH,Sharm El Sheikh,EG,Sharm El Sheikh International Airport,27.977272,34.394717
SSI,St Simons Island,US,St Simons Island Airport,31.1518,-81.391296
SSJ,Alstahaug,NO,"Sandnessjøen Airport, Stokka",65.956802,12.4689
SSN,Seongnam,KR,Seoul Air Base (K-16),37.444744,127.112718
SST,Santa Teresita,AR,Santa Teresita Airport,-36.5423,-56.7218
SSY,Mbanza Congo,AO,Mbanza Congo Airport,-6.269899845123291,14.246999740600586
SSZ,Guarujá,BR,Santos Nero Moura Air Base / Guarujá Airport,-23.928192,-46.300195
STA,Skjern,DK,Stauning Vestjylland  Airport,55.990101,8.35391
STB,San Carlos del Zulia,VE,Miguel Urdaneta Fernández Airport,8.97455,-71.943253
STC,Saint Cloud,US,Saint Cloud Regional Airport,45.5466,-94.059898
STD,Santo Domingo,VE,Mayor Buenaventura Vivas International Airport,7.56538,-72.035103
STG,St George,US,St George Airport,56.577345,-169.663823
STI,Santiago,DO,Cibao International Airport,19.40406,-70.604431
STJ,St Joseph,US,Rosecrans Memorial Airport,39.771900177002,-94.909698486328
STL,St Louis,US,St. Louis Lambert International Airport,38.748697,-90.370003
STM,Santarém,BR,Santarém - Maestro Wilson Fonseca International Airport,-2.422423,-54.79306
STN,"London, Essex",GB,London Stansted Airport,51.884998,0.235
STP,Saint Paul,US,Saint Paul Downtown Holman Field,44.93479,-93.060036
STR,Stuttgart,DE,Stuttgart Airport,48.689899,9.22196
STS,Santa Rosa,US,Charles M. Schulz Sonoma County Airport,38.50899887,-122.8130035
STT,Charlotte Amalie,VI,Cyril E. King Airport,18.337091,-64.977251
STV,Surat,IN,Surat International Airport,21.115531,72.743251
STW,Stavropol,RU,Stavropol Shpakovskoye Airport,45.10919952392578,42.11280059814453
STX,Christiansted,VI,Henry E. Rohlsen Airport,17.701413,-64.802608
STY,Salto,UY,Nueva Hesperides International Airport,-31.438499,-57.985298
SUB,Surabaya,ID,Juanda International Airport,-7.37983,112.787003
SUF,Lamezia Terme (CZ),IT,Lamezia Terme Sant'Eufemia International Airport,38.906214,16.246007
SUG,Surigao City,PH,Surigao Airport,9.755838325629998,125.480947495
SUI,Sukhumi,GE,Vladislav Ardzinba Sukhum International Airport,42.8582,41.128101
SUJ,Satu Mare,RO,Satu Mare International Airport,47.7033,22.8857
SUL,Sui,PK,Sui Airport,28.645099639892578,69.1769027709961
SUN,Hailey,US,Friedman Memorial Airport,43.50439835,-114.2959976
SUS,St Louis,US,Spirit of St Louis Airport,38.662102,-90.652
SUU,Fairfield,US,Travis Air Force Base,38.262699,-121.927002
SUV,Nausori,FJ,Nausori International Airport,-18.044226,178.561486
SUX,Sioux City,US,Sioux Gateway Airport / Brigadier General Bud Day Field,42.397605,-96.382237
SVA,Savoonga,US,Savoonga Airport,63.686401,-170.492996
SVB,Sambava,MG,Sambava Airport,-14.2786,50.174702
SVC,Silver City,US,Grant County Airport,32.636701,-108.154736
SVD,Kingstown,VC,Argyle International Airport,13.159725,-61.148801
SVG,Stavanger,NO,"Stavanger Airport, Sola",58.876701,5.63778
SVI,San Vicente Del Caguán,CO,Eduardo Falla Solano Airport,2.15217,-74.7663
SVJ,Svolvær,NO,"Svolvær Airport, Helle",68.243301,14.6692
SVL,Savonlinna,FI,Savonlinna Airport,61.9431,28.945101
SVN,Savannah,US,Hunter Army Air Field,32.00999832,-81.14569855
SVO,Moscow,RU,Sheremetyevo International Airport,55.977486,37.386677
SVP,Kuito,AO,Kuito Airport,-12.404600143433,16.947399139404
SVQ,Seville,ES,Seville Airport,37.417999,-5.89311
SVW,Sparrevohn,US,Sparrevohn LRRS Airport,61.09740067,-155.5740051
SVX,Yekaterinburg,RU,Koltsovo Airport,56.743099212646,60.802700042725
SVZ,San Antonio del Tachira,VE,Juan Vicente Gómez International Airport,7.840809,-72.439878
SWA,Jieyang (Rongcheng),CN,Jieyang Chaoshan International Airport,23.552,116.5033
SWC,Stawell,AU,Stawell Airport,-37.07170104980469,142.74099731445312
SWD,Seward,US,Seward Airport,60.130478,-149.418612
SWF,Newburgh,US,New York Stewart International Airport,41.50421,-74.108901
SWH,Swan Hill,AU,Swan Hill Airport,-35.37580108642578,143.5330047607422
SWO,Stillwater,US,Stillwater Regional Airport,36.162132,-97.085581
SWS,Swansea,GB,Swansea Airport,51.601366,-4.071006
SWT,Strezhevoy,RU,Strezhevoy Airport,60.7094,77.660004
SWU,Suwon,KR,Suwon Airport,37.239399,127.007004
SWV,Evensk,RU,Severo-Evensk Airport,61.921786,159.229059
SXB,Strasbourg,FR,Strasbourg Airport,48.5383,7.62823
SXE,Sale,AU,West Sale Airport,-38.090827,146.965335
SXI,Siri,IR,Siri Airport,25.908899,54.539398
SXJ,Shanshan,CN,Shanshan Airport,42.911701,90.247498
SXL,Sligo,IE,Sligo Airport,54.280200958252,-8.5992097854614
SXM,Sint Maarten,SX,Princess Juliana International Airport,18.041,-63.108898
SXN,Sowa,BW,Sua Pan Airport,-20.5534,26.115801
SXQ,Soldotna,US,Soldotna Airport,60.474935,-151.038471
SXR,Srinagar,IN,Srinagar International Airport,33.987099,74.7742
SXV,Salem,IN,Salem Airport,11.78330039978,78.06559753418
SXZ,Siirt,TR,Siirt Airport,37.97890090942383,41.84040069580078
SYA,Shemya,US,Eareckson Air Station,52.71229935,174.1139984
SYD,Sydney (Mascot),AU,Sydney Kingsford Smith International Airport,-33.946098,151.177002
SYJ,Sirjan,IR,Sirjan Airport,29.5509,55.672699
SYO,Shonai,JP,Shonai Airport,38.812199,139.787003
SYP,Santiago,PA,Ruben Cantu Airport,8.085599899291992,-80.94529724121094
SYQ,San Jose,CR,Tobías Bolaños International Airport,9.95705,-84.139801
SYR,Syracuse,US,Syracuse Hancock International Airport,43.11119842529297,-76.1063003540039
SYS,Saskylakh,RU,Saskylakh Airport,71.927902,114.080002
SYT,"L'Hôpital-le-Mercier, Saône-et-Loire",FR,Saint-Yan Airport,46.414019,4.014177
SYW,Sehwan Sharif,PK,Sehwan Sharif Airport,26.473101,67.717201
SYX,Sanya (Tianya),CN,Sanya Phoenix International Airport,18.3029,109.412003
SYY,"Stornoway, Western Isles",GB,Stornoway Airport,58.215599,-6.33111
SYZ,Shiraz,IR,Shiraz Shahid Dastghaib International Airport,29.5392,52.589802
SZA,Soyo,AO,Soyo Airport,-6.141089916229248,12.371800422668457
SZB,Subang,MY,Sultan Abdul Aziz Shah International Airport,3.13058,101.549004
SZF,Samsun,TR,Samsun-Çarşamba Airport,41.253988,36.567546
SZG,Salzburg,AT,Salzburg Airport,47.793301,13.0043
SZH,Shuozhou,CN,Shuozhou Zirun Airport,39.273241,112.691552
SZJ,Isla de la Juventud,CU,Siguanea Airport,21.6425,-82.955101
SZK,Skukuza,ZA,Skukuza Airport,-24.96085,31.588587
SZL,Knob Noster,US,Whiteman Air Force Base,38.730301,-93.547897
SZV,Suzhou,CN,Suzhou Guangfu Airport,31.2631,120.401001
SZX,Shenzhen,CN,Shenzhen Bao'an International Airport,22.639474,113.803262
SZY,Szymany,PL,Olsztyn-Mazury Airport,53.481899,20.9377
SZZ,Szczecin(Glewice),PL,Solidarity Szczecin–Goleniów Airport,53.584702,14.9022
TAB,Scarborough,TT,A.N.R. Robinson International Airport,11.149571,-60.831298
TAC,Tacloban City,PH,Daniel Z. Romualdez Airport,11.227761,125.027783
TAE,Daegu,KR,Daegu International Airport,35.894394,128.656989
TAF,Tafraoui,DZ,Oran Tafraoui Airport,35.5424,-0.532278
TAG,Panglao,PH,Bohol-Panglao International Airport,9.573045,123.770143
TAH,Tanna Island,VU,Whitegrass Airport,-19.455099,169.223999
TAI,Taiz,YE,Taiz International Airport,13.686,44.139099
TAK,Takamatsu,JP,Takamatsu Airport,34.214963,134.015454
TAM,Ciudad Madero,MX,General Francisco Javier Mina International Airport,22.292622,-97.867058
TAO,Qingdao (Jiaozhou),CN,Qingdao Jiaodong International Airport,36.361953,120.088171
TAP,Tapachula,MX,Tapachula International Airport,14.794549,-92.369871
TAR,Grottaglie,IT,Taranto-Grottaglie Marcello Arlotta Airport,40.517502,17.4032
TAS,Tashkent,UZ,Tashkent International Airport,41.2579,69.281197
TAT,Poprad,SK,Poprad-Tatry Airport,49.070994,20.241394
TAY,Tartu,EE,Tartu Airport,58.307438,26.686473
TAZ,Daşoguz,TM,Dashoguz International Airport,41.759853,59.836149
TBB,Tuy Hoa,VN,Dong Tac Airport,13.0496,109.334
TBF,Tabiteuea North,KI,Tabiteuea North Airport,-1.22447,174.776001
TBH,Tablas Island,PH,Tugdan Airport,12.3109998703,122.084999084
TBI,Cat Island,BS,New Bight Airport,24.3153,-75.452301
TBJ,Tabarka,TN,Tabarka-Aïn Draham International Airport,36.98,8.87694
TBN,Fort Leonard Wood,US,Waynesville-St. Robert Regional Airport-Forney Field,37.7416,-92.140701
TBP,Tumbes,PE,Captain Pedro Canga Rodríguez International Airport,-3.552074,-80.381086
TBS,Tbilisi,GE,Tbilisi International Airport,41.669201,44.9547
TBT,Tabatinga,BR,Tabatinga International Airport,-4.25567,-69.935799
TBU,Nuku'alofa,TO,Fua'amotu International Airport,-21.241438,-175.149164
TBW,Tambov,RU,Donskoye Airport,52.806099,41.4828
TBZ,Tabriz,IR,Tabriz International Airport,38.1339,46.235001
TCA,Tennant Creek,AU,Tennant Creek Airport,-19.6343994140625,134.18299865722656
TCB,Treasure Cay,BS,Treasure Cay Airport,26.745300293,-77.3912963867
TCC,Tucumcari,US,Tucumcari Municipal Airport,35.182800293,-103.602996826
TCE,Mihail Kogălniceanu,RO,Tulcea Danube Delta Airport,45.0625,28.7143
TCL,Tuscaloosa,US,Tuscaloosa National Airport,33.2206,-87.611397
TCM,Tacoma,US,McChord Air Force Base,47.137699,-122.475998
TCO,Tumaco,CO,La Florida Airport,1.81442,-78.7492
TCP,Taba,EG,Taba International Airport,29.594496,34.775752
TCQ,Tacna,PE,Coronel FAP Carlos Ciriani Santa Rosa International Airport,-18.053300857500002,-70.2758026123
TCS,Truth or Consequences,US,Truth or Consequences Municipal Airport,33.2369,-107.272003
TCX,Tabas,IR,Tabas Airport,33.667801,56.8927
TCZ,Baoshan (Tengchong),CN,Tengchong Tuofeng Airport,24.938056,98.485833
TDD,Trinidad,BO,Teniente Av. Jorge Henrich Arauz Airport,-14.8187,-64.917999
TDG,Tandag,PH,Tandag Airport,9.072002,126.17132
TDK,Taldykorgan,KZ,Taldykorgan Airport,45.12255,78.442758
TDL,Tandil,AR,Héroes de Malvinas Airport,-37.234634,-59.228647
TDX,Laem Ngop,TH,Trat Airport,12.2746,102.319
TEA,Tela,HN,Tela Airport,15.7759,-87.4758
TEB,Teterboro,US,Teterboro Airport,40.850101,-74.060799
TEC,Telêmaco Borba,BR,Telêmaco Borba Airport,-24.317801,-50.6516
TED,Thisted,DK,Thisted Airport,57.068802,8.70522
TEE,Tébessi,DZ,Cheikh Larbi Tébessi Airport,35.4315986633,8.12071990967
TEF,Telfer,AU,Telfer Airport,-21.715,122.228996
TEM,Temora,AU,Temora Airport,-34.421398,147.511993
TEN,Tongren (Daxing),CN,Tongren Fenghuang Airport,27.883333,109.308889
TEQ,Çorlu,TR,Tekirdağ Çorlu Airport,41.138199,27.9191
TER,Praia da Vitória,PT,Lajes Airport,38.761799,-27.090799
TET,Tete,MZ,Tete Airport,-16.104799,33.640202
TEU,Manapouri,NZ,Manapouri Airport,-45.5331,167.649994
TEV,Teruel,ES,Teruel Airport,40.410269,-1.217366
TEX,Telluride,US,Telluride Regional Airport,37.9538,-107.907997
TEZ,Tezpur,IN,Tezpur Airport,26.7091007232666,92.78469848632812
TFF,Tefé,BR,Tefé Airport,-3.38294,-64.724098
TFN,Tenerife,ES,Tenerife Norte-Ciudad de La Laguna Airport,28.482752,-16.341707
TFS,Tenerife,ES,Tenerife Sur Airport,28.0445,-16.5725
TFU,Chengdu (Jianyang),CN,Chengdu Tianfu International Airport,30.31252,104.441284
TGA,Western Water Catchment,SG,Tengah Air Base,1.387561,103.708291
TGD,Podgorica,ME,Podgorica Airport / Podgorica Golubovci Airbase,42.359402,19.2519
TGG,Kuala Terengganu,MY,Sultan Mahmud Airport,5.3826398849487305,103.10299682617188
TGJ,Tiga,NC,Tiga Airport,-21.096407,167.80379
TGK,Taganrog,RU,Taganrog Yuzhny Airport,47.198333,38.849167
TGM,Recea,RO,Târgu Mureş Transilvania International Airport,46.467701,24.4125
TGN,Morwell,AU,Latrobe Valley Airport,-38.211004,146.470817
TGO,Tongliao,CN,Tongliao Airport,43.556702,122.199997
TGP,Bor,RU,Podkamennaya Tunguska Airport,61.589699,89.994003
TGR,Touggourt,DZ,Touggourt Sidi Madhi Airport,33.067799,6.08867
TGT,Tanga,TZ,Tanga Airport,-5.09236,39.071201
TGU,Tegucigalpa,HN,Toncontín Airport,14.0609,-87.217201
TGZ,Tuxtla Gutiérrez,MX,Angel Albino Corzo International Airport,16.561611,-93.025731
THE,Teresina,BR,Senador Petrônio Portela Airport,-5.06025,-42.823712
THG,Biloela,AU,Thangool Airport,-24.494863,150.577967
THL,Tachileik,MM,Tachileik Airport,20.483800888061523,99.9354019165039
THN,Trollhättan,SE,Trollhättan-Vänersborg Airport,58.31809997558594,12.345000267028809
THQ,Tianshui (Maiji),CN,Tianshui Maijishan Airport,34.5601,105.860343
THR,Tehran,IR,Mehrabad International Airport,35.689175,51.314392
THS,Sukhothai,TH,Sukhothai Airport,17.238000869750977,99.81819915771484
THU,Pituffik,GL,Pituffik Space Base,76.53063,-68.700541
THZ,Tahoua,NE,Tahoua Airport,14.8757,5.26536
TIA,Rinas,AL,Tirana International Airport Mother Teresa,41.4147,19.7206
TID,Tiaret,DZ,Abdelhafid Boussouf Bou Chekif Airport,35.341099,1.46315
TIF,Taif,SA,Taif International Airport,21.484739,40.544074
TIH,Tuherahera,PF,Tikehau Airport,-15.1196,-148.231003
TIJ,Tijuana,MX,General Abelardo L. Rodriguez International Airport,32.541043,-116.969976
TIK,Oklahoma City,US,Tinker Air Force Base,35.4147,-97.386597
TIM,Timika,ID,Mozes Kilangin Airport,-4.52978,136.887388
TIN,Tindouf,DZ,Tindouf Airport,27.7003993988,-8.167099952700001
TIQ,Tinian Island,MP,Francisco Manglona Borja / Tinian International Airport,14.999207,145.619355
TIR,Tirupati,IN,Tirupati International Airport,13.631988,79.539869
TIU,Timaru,NZ,Timaru Airport,-44.302799224853516,171.22500610351562
TIV,Tivat,ME,Tivat Airport,42.404701,18.723301
TIW,Tacoma,US,Tacoma Narrows Airport,47.267407,-122.577295
TIX,Titusville,US,Space Coast Regional Airport,28.514799118042,-80.799201965332
TJA,Tarija,BO,Capitan Oriel Lea Plaza Airport,-21.5557,-64.701302
TJG,Tanta-Tabalong,ID,Warukin Airport,-2.21656,115.435997
TJH,Toyooka,JP,Konotori Tajima Airport,35.512798,134.787003
TJI,Trujillo,HN,Trujillo Airport,15.926599,-85.938573
TJK,Tokat,TR,Tokat Airport,40.32472,36.39056
TJM,Tyumen,RU,Roshchino International Airport,57.178984,65.327696
TJU,Kulob,TJ,Kulob International Airport,37.988098,69.805
TKA,Talkeetna,US,Talkeetna Airport,62.320499420166,-150.09399414062
TKC,Tiko,CM,Tiko Airport,4.08919000626,9.360529899600001
TKD,Sekondi-Takoradi,GH,Takoradi Airport,4.896059989929199,-1.7747600078582764
TKF,Truckee,US,Truckee Tahoe Airport,39.318628,-120.140562
TKG,Bandar Lampung,ID,Radin Inten II International Airport,-5.246803,105.182531
TKH,Takhli,TH,Takhli Royal Thai Air Force Base,15.2773,100.295998
TKK,Weno Island,FM,Chuuk International Airport,7.46187,151.843002
TKN,Amagi,JP,Tokunoshima Airport,27.836382,128.881356
TKP,Takapoto,PF,Takapoto Airport,-14.709500312805176,-145.24600219726562
TKS,Tokushima,JP,Tokushima Awaodori Airport / JMSDF Tokushima Air Base,34.132559,134.607816
TKT,Tak,TH,Tak Airport,16.896,99.253304
TKU,Turku,FI,Turku Airport,60.514099,22.2628
TKX,Takaroa,PF,Takaroa Airport,-14.45580005645752,-145.02499389648438
TLC,Toluca,MX,Adolfo López Mateos International Airport,19.3369,-99.56583
TLE,Toliara,MG,Toliara Airport,-23.3834,43.7285
TLH,Tallahassee,US,Tallahassee International Airport,30.401209,-84.35433
TLJ,Takotna,US,Tatalina LRRS Airport,62.894401550299996,-155.977005005
TLL,Tallinn,EE,Lennart Meri Tallinn Airport,59.413246,24.83264
TLM,Zenata,DZ,Zenata – Messali El Hadj Airport,35.012732,-1.457117
TLN,"Hyères, Var",FR,Toulon-Hyères Airport,43.097301,6.14603
TLQ,Turpan,CN,Turpan Jiaohe Airport,43.0308,89.0987
TLS,Toulouse/Blagnac,FR,Toulouse-Blagnac Airport,43.629101,1.36382
TLV,Tel Aviv,IL,Ben Gurion International Airport,32.011398,34.8867
TLX,Talca,CL,Panguilemo Airport,-35.3778,-71.6017
TMB,Miami,US,Miami Executive Airport,25.6479,-80.4328
TME,Tame,CO,Gustavo Vargas Airport,6.45108,-71.7603
TMH,Tanah Merah,ID,Tanah Merah Airport,-6.09669,140.303521
TMJ,Termez,UZ,Termez Airport,37.287261,67.311869
TML,Tamale,GH,Yakubu Tali International Airport,9.553909,-0.86606
TMM,Toamasina,MG,Toamasina Ambalamanasy Airport,-18.113537,49.392262
TMO,Tumeremo,VE,Tumeremo Airport,7.24938,-61.52893
TMP,Tampere / Pirkkala,FI,Tampere-Pirkkala Airport,61.414101,23.604401
TMR,Tamanrasset,DZ,Aguenar – Hadj Bey Akhamok Airport,22.810992,5.450832
TMS,São Tomé,ST,São Tomé International Airport,0.378175,6.71215
TMT,Oriximiná,BR,Trombetas Airport,-1.4896,-56.396801
TMW,Tamworth,AU,Tamworth Airport,-31.077898,150.845484
TMX,Timimoun,DZ,Timimoun Airport,29.237101,0.276033
TNA,Jinan (Licheng),CN,Jinan Yaoqiang International Airport,36.857201,117.216003
TND,Trinidad,CU,Alberto Delgado Airport,21.7883,-79.9972
TNE,Tanegashima,JP,New Tanegashima Airport,30.605100631699997,130.990997314
TNF,"Toussus-le-Noble, Yvelines",FR,Toussus-le-Noble Airport,48.7519,2.10619
TNG,Tangier,MA,Tangier Ibn Battuta Airport,35.731741,-5.921459
TNH,Tonghua,CN,Tonghua Sanyuanpu Airport,42.048435,125.733963
TNJ,Tanjung Pinang-Bintan Island,ID,Raja Haji Fisabilillah International Airport,0.92397,104.53341
TNN,Tainan (Rende),TW,Tainan International Airport / Tainan Air Base,22.950399,120.206001
TNR,Antananarivo,MG,Ivato International Airport,-18.7969,47.478802
TNW,Ahuano,EC,Jumandy Airport,-1.060185,-77.580525
TOD,Tioman Island,MY,Tioman Airport,2.81818,104.160004
TOE,Tozeur,TN,Tozeur Nefta International Airport,33.939701080322266,8.110560417175293
TOF,Tomsk,RU,Tomsk Kamov Airport,56.380299,85.208298
TOI,Troy,US,Troy Municipal Airport at N Kenneth Campbell Field,31.860399,-86.012101
TOJ,Madrid,ES,Madrid–Torrejón Airport / Torrejón Air Base,40.487875,-3.456808
TOL,Toledo,US,Eugene F. Kranz Toledo Express Airport,41.5868,-83.8078
TOM,Timbuktu,ML,Tombouktou Airport,16.730499,-3.00758
TOP,Topeka,US,Philip Billard Municipal Airport,39.069899,-95.622606
TOQ,Tocopilla,CL,Barriles Airport,-22.1411,-70.062897
TOS,Tromsø,NO,Tromsø Airport,69.683296,18.9189
TOU,Touho,NC,Touho Airport,-20.790127,165.259524
TOY,Toyama,JP,Toyama Kitokito Airport,36.648416,137.187359
TPA,Tampa,US,Tampa International Airport,27.9755,-82.533203
TPC,Tarapoa,EC,Tarapoa Airport,-0.122956,-76.337799
TPE,Taoyuan,TW,Taiwan Taoyuan International Airport,25.0777,121.233002
TPH,Tonopah,US,Tonopah Airport,38.06019974,-117.086998
TPJ,Taplejung,NP,Taplejung Airport,27.3509,87.69525
TPL,Temple,US,Draughon Miller Central Texas Regional Airport,31.1525,-97.407799
TPP,Tarapoto,PE,Cadete FAP Guillermo Del Castillo Paredes Airport,-6.508739948272705,-76.37319946289062
TPQ,Tepic,MX,Amado Nervo National Airport,21.419833,-104.842472
TPS,Trapani (TP),IT,Vincenzo Florio Airport Trapani-Birgi,37.9114,12.488
TQD,Al Habbaniyah,IQ,Al Taqaddum Air Base,33.33810043335,43.597099304199
TQO,Tulum,MX,Felipe Carrillo Puerto International Airport Tulum,20.172098,-87.660272
TQS,Tres Esquinas,CO,Captain Ernesto Esguerra Cubides Air Base,0.7459,-75.234
TRA,Tarama,JP,Tarama Airport,24.653793,124.675453
TRC,Torreón,MX,Francisco Sarabia Tinoco International Airport,25.562265,-103.404608
TRD,Trondheim,NO,"Trondheim Airport, Værnes",63.457802,10.924
TRE,"Balemartine, Argyll and Bute",GB,Tiree Airport,56.499199,-6.86917
TRF,Sandefjord(Torp),NO,"Sandefjord Airport, Torp",59.186699,10.2586
TRG,Tauranga,NZ,Tauranga Airport,-37.67190170288086,176.1959991455078
TRI,Blountville,US,Tri-Cities Regional TN/VA Airport,36.475201,-82.407401
TRK,Tarakan,ID,Juwata International Airport / Suharnoko Harbani AFB,3.325145,117.564169
TRM,Palm Springs,US,Jacqueline Cochran Regional Airport,33.62670135498,-116.16000366211
TRN,Caselle Torinese (TO),IT,Turin Airport,45.200802,7.64963
TRO,Taree,AU,Taree Airport,-31.888599,152.514008
TRQ,Tarauacá,BR,Tarauacá Airport,-8.155534,-70.782985
TRR,Trincomalee,LK,China Bay Airport,8.539159,81.18128
TRS,Ronchi dei Legionari/Trieste,IT,Trieste Airport,45.827862,13.466672
TRT,Toraja,ID,Toraja Airport,-3.184359,119.919104
TRU,Trujillo,PE,Capitán FAP Carlos Martínez de Pinillos International Airport,-8.082382,-79.108821
TRV,Thiruvananthapuram,IN,Thiruvananthapuram International Airport,8.481889,76.920029
TRW,South Tarawa,KI,Bonriki International Airport,1.38164,173.147003
TRZ,Tiruchirappalli,IN,Tiruchirappalli International Airport,10.762915,78.717741
TSA,Taipei (Songshan),TW,Taipei Songshan International Airport,25.067244,121.552822
TSB,Tsumeb,NA,Tsumeb Airport,-19.262079,17.732509
TSF,Treviso (TV),IT,Treviso Airport,45.648399,12.1944
TSJ,Tsushima,JP,Tsushima Airport,34.2849006653,129.330993652
TSM,Taos,US,Taos Regional Airport,36.452494,-105.67749
TSN,Tianjin,CN,Tianjin Binhai International Airport,39.124401092499994,117.346000671
TSR,Timişoara,RO,Timișoara Traian Vuia International Airport,45.809898,21.3379
TST,Trang,TH,Trang Airport,7.50874,99.6166
TSV,Townsville,AU,Townsville Airport / RAAF Base Townsville,-19.252904,146.766512
TTA,Tan Tan,MA,Tan Tan Airport,28.447563,-11.161749
TTC,Taltal,CL,Las Breas Airport,-25.564301,-70.3759
TTD,Portland,US,Portland Troutdale Airport,45.54940032959,-122.40100097656
TTE,Ternate,ID,Sultan Babullah Airport,0.831012,127.381611
TTG,Tartagal,AR,General Enrique Mosconi Airport,-22.616877,-63.793015
TTH,Thumrait,OM,Thumrait Air Base,17.666,54.024601
TTJ,Tottori,JP,Tottori Sand Dunes Conan Airport,35.530058,134.165023
TTN,Ewing Township,US,Trenton Mercer Airport,40.276699,-74.813499
TTT,Taitung City,TW,Taitung Airport,22.754856,121.101794
TTU,Tétouan,MA,Sania Ramel Airport,35.594299,-5.32002
TUA,Tulcán,EC,Lieutenant Colonel Luis A. Mantilla International Airport,0.809506,-77.708099
TUB,Tubuai,PF,Tubuai Airport,-23.365400314331055,-149.5240020751953
TUC,San Miguel de Tucumán,AR,Teniente Benjamín Matienzo International Airport,-26.837397,-65.104195
TUD,Tambacounda,SN,Tambacounda Airport,13.7368,-13.6531
TUF,"Tours, Indre-et-Loire",FR,Tours Val de Loire Airport,47.432201,0.727606
TUG,Tuguegarao City,PH,Tuguegarao Airport,17.6433676823,121.733150482
TUI,Turaif,SA,Turaif Domestic Airport,31.692188,38.731544
TUK,Turbat,PK,Turbat International Airport,25.984767,63.028856
TUL,Tulsa,US,Tulsa International Airport,36.197084,-95.886225
TUM,Tumut,AU,Tumut Aerodrome,-35.26832,148.240526
TUN,Tunis,TN,Tunis Carthage International Airport,36.851002,10.2272
TUO,Taupo,NZ,Taupo Airport,-38.73970031738281,176.08399963378906
TUP,Tupelo,US,Tupelo Regional Airport,34.26810073852539,-88.7698974609375
TUR,Tucuruí,BR,Tucuruí Airport,-3.78601,-49.720299
TUS,Tucson,US,Tucson International Airport,32.115004,-110.938053
TUU,Tabuk,SA,Prince Sultan bin Abdulaziz International Airport,28.3711,36.624865
TUV,Tucupita,VE,Tucupita Airport,9.088994,-62.094173
TVC,Traverse City,US,Cherry Capital Airport,44.741402,-85.582199
TVF,Thief River Falls,US,Thief River Falls Regional Airport,48.065701,-96.184998
TVL,South Lake Tahoe,US,Lake Tahoe Airport,38.89390182495117,-119.99500274658203
TVT,Tashkent,UZ,Tashkent-Khumo International Airport,41.312889,69.395535
TVY,Dawei,MM,Dawei Airport,14.1039,98.203598
TWF,Twin Falls,US,Joslin Field Magic Valley Regional Airport,42.4818,-114.487999
TWT,Bongao,PH,Sanga Sanga Airport,5.048196,119.743338
TWU,Tawau,MY,Tawau Airport,4.31338,118.12152
TWZ,Twitzel,NZ,Pukaki Airport,-44.2350006104,170.117996216
TXC,Orsha,BY,Orsha Airport - Balbasovo Air Base,54.439999,30.2967
TXE,Takengon,ID,Rembele Airport,4.72113,96.851943
TXK,Texarkana,US,Texarkana Regional Airport (Webb Field),33.453701,-93.990997
TXN,Huangshan,CN,Huangshan Tunxi International Airport,29.733299,118.255997
TYB,Tibooburra,AU,Tibooburra Airport,-29.451099,142.057999
TYF,Torsby,SE,Torsby Airport,60.1576,12.9913
TYL,Talara,PE,Captain Victor Montes Arias International Airport,-4.57664,-81.254097
TYM,Staniel Cay,BS,Staniel Cay Airport,24.1691,-76.439102
TYN,Taiyuan,CN,Taiyuan Wusu International Airport,37.746899,112.627998
TYR,Tyler,US,Tyler Pounds Regional Airport,32.35409927368164,-95.40239715576172
TYS,Knoxville/Maryville,US,McGhee Tyson Airport,35.811001,-83.994003
TZA,Belize City,BZ,Sir Barry Bowen Municipal Airport,17.517239,-88.195775
TZL,Dubrave Gornje,BA,Tuzla International Airport,44.459858,18.723627
TZN,Andros,BS,Congo Town Airport,24.158701,-77.589798
TZX,Trabzon,TR,Trabzon International Airport,40.995098,39.7897
UAB,Sarıçam,TR,İncirlik Air Base,37.002102,35.4259
UAI,Suai,TL,"Commander in Chief of FALINTIL, Kay Rala Xanana Gusmão, International Airport",-9.301856,125.286302
UAM,Yigo,GU,Andersen Air Force Base,13.584,144.929998
UAQ,San Juan,AR,Domingo Faustino Sarmiento Airport,-31.571501,-68.418198
UAR,Bouarfa,MA,Bouarfa Airport,32.514306,-1.983056
UBA,Uberaba,BR,Mário de Almeida Franco Airport,-19.765036,-47.964805
UBJ,Ube,JP,Yamaguchi Ube Airport,33.93,131.279007
UBN,Ulaanbaatar (Sergelen),MN,Ulaanbaatar Chinggis Khaan International Airport,47.646916,106.819833
UBP,Ubon Ratchathani,TH,Ubon Ratchathani Airport,15.2512998581,104.870002747
UCB,Ulanqab,CN,Ulanqab Jining Airport,41.130266,113.107274
UCT,Ukhta,RU,Ukhta Airport,63.566898,53.804699
UDE,Uden,NL,Volkel Air Base,51.657222,5.707778
UDI,Uberlândia,BR,Ten. Cel. Aviador César Bombonato Airport,-18.883579,-48.225936
UDJ,Uzhhorod,UA,Uzhhorod International Airport,48.6343,22.263399
UDR,Udaipur,IN,Maharana Pratap Airport,24.617700576799997,73.89610290530001
UEL,Quelimane,MZ,Quelimane Airport,-17.855499267578125,36.86909866333008
UEO,Kumejima,JP,Kumejima Airport,26.363445,126.71384
UET,Quetta,PK,Quetta International Airport,30.2514,66.937798
UFA,Ufa,RU,Ufa International Airport,54.557499,55.874401
UGA,Bulgan,MN,Bulgan Airport,48.85499954223633,103.47599792480469
UGC,Urgench,UZ,Urgench International Airport,41.58274,60.64338
UGO,Uige,AO,Uige Airport,-7.60307,15.0278
UGU,Bilogai,ID,Bilorai Airport,-3.739503,137.031183
UHE,Uherské Hradiště,CZ,Kunovice Airport,49.0294,17.439699
UIB,Quibdó,CO,El Caraño Airport,5.69076,-76.6412
UIH,Quy Nohn,VN,Phu Cat Airport,13.955,109.042
UIN,Quincy,US,Quincy Regional Airport Baldwin Field,39.942699,-91.194603
UIO,Quito,EC,Mariscal Sucre International Airport,-0.125399,-78.354306
UIP,Quimper/Pluguffan,FR,Quimper-Cornouaille Airport,47.973031,-4.169655
UKB,Kobe,JP,Kobe Airport,34.632801,135.223999
UKE,Bhawanipatna,IN,Utkela Airport,20.097778,83.183333
UKI,Ukiah,US,Ukiah Municipal Airport,39.125999,-123.200996
UKK,Ust-Kamenogorsk (Oskemen),KZ,Oskemen International Airport,50.035033,82.496057
UKS,Sevastopol,UA,Sevastopol International Airport / Belbek Air Base,44.691822,33.57462
UKX,Ust-Kut,RU,Ust-Kut Airport,56.856701,105.730003
ULA,San Julian,AR,Capitan D Daniel Vazquez Airport,-49.306816,-67.802596
ULD,Ulundi,ZA,Prince Mangosuthu Buthelezi Airport,-28.3206005096,31.4165000916
ULG,Ölgii,MN,Ölgii Mongolei International Airport,48.993301,89.922501
ULH,Al-Ula,SA,Al-Ula International Airport,26.483634,38.117048
ULK,Lensk,RU,Lensk Airport,60.723594,114.825319
ULN,Ulaanbaatar,MN,Buyant-Ukhaa International Airport,47.843102,106.766998
ULO,Ulaangom,MN,Ulaangom Airport,50.066588,91.938273
ULP,Quilpie,AU,Quilpie Airport,-26.609176,144.253746
ULQ,Tuluá,CO,Heriberto Gíl Martínez Airport,4.08836,-76.2351
ULU,Gulu,UG,Gulu Airport,2.8055601119995117,32.27180099487305
ULV,Ulyanovsk,RU,Ulyanovsk Baratayevka Airport,54.27016,48.225569
ULY,Cherdakly,RU,Ulyanovsk Vostochny Airport,54.401001,48.8027
UMB,Kalumbila,ZM,Kalumbila Airport,-12.25358,25.44432
UME,Umeå,SE,Umeå Airport,63.791801,20.282801
UND,Kunduz,AF,Kunduz Airport,36.6651,68.910797
UNI,Union Island,VC,Union Island International Airport,12.600135,-61.411945
UNK,Unalakleet,US,Unalakleet Airport,63.888401,-160.798996
UNN,Ranong,TH,Ranong Airport,9.77762,98.585503
UOX,Oxford,US,University Oxford Airport,34.384300231934,-89.536796569824
UPB,Havana,CU,Playa Baracoa Airport,23.032801,-82.579399
UPG,Makassar,ID,Sultan Hasanuddin International Airport,-5.075539,119.553702
UPL,Upala,CR,Upala Airport,10.8922,-85.016197
UPN,Uruapan,MX,Uruapan - Licenciado y General Ignacio Lopez Rayon International Airport,19.3967,-102.039001
URA,Uralsk,KZ,Manshuk Mametova International Airport,51.151976,51.543652
URC,Ürümqi,CN,Ürümqi Tianshan International Airport,43.913584,87.479372
URE,Kuressaare,EE,Kuressaare Airport,58.22990036010742,22.50950050354004
URG,Uruguaiana,BR,Rubem Berta Airport,-29.7822,-57.0382
URJ,Uray,RU,Uray Airport,60.103298,64.826698
URO,Boos,FR,Rouen Vallée de Seine Airport,49.384887,1.179142
URS,Kursk,RU,Kursk East Airport,51.750599,36.295601
URT,Surat Thani,TH,Surat Thani Airport,9.13259983063,99.135597229
URY,Gurayat,SA,Gurayat Domestic Airport,31.412413,37.278898
USA,Concord,US,Concord-Padgett Regional Airport,35.387798,-80.709099
USH,Ushuaia,AR,Ushuaia - Malvinas Argentinas International Airport,-54.8433,-68.2958
USK,Usinsk,RU,Usinsk Airport,66.0047,57.367199
USM,Na Thon (Ko Samui Island),TH,Samui International Airport,9.54779,100.061996
USN,Ulsan,KR,Ulsan Airport,35.59349823,129.352005005
USQ,Uşak,TR,Uşak Airport,38.681499,29.471701
USR,Ust-Nera,RU,Ust-Nera Airport,64.550003,143.115005
UST,St Augustine,US,Northeast Florida Regional Airport,29.9592,-81.339798
USU,Coron,PH,Francisco B. Reyes (Busuanga) Airport,12.121865,120.100801
UTH,Udon Thani,TH,Udon Thani International Airport,17.386186,102.788577
UTI,Utti / Valkeala,FI,Utti Air Base,60.8964,26.9384
UTN,Upington,ZA,Upington Airport,-28.400246,21.263592
UTO,Utopia Creek,US,Indian Mountain LRRS Airport,65.992798,-153.703995
UTP,Rayong,TH,U-Tapao–Rayong–Pattaya International Airport,12.6799,101.004997
UTS,Ust-Tsylma,RU,Ust-Tsylma Airport,65.437294,52.200336
UTT,Mthatha,ZA,K. D. Matanzima Airport,-31.546363184900002,28.6733551025
UTW,Queenstown,ZA,Queenstown Airport,-31.92020034790039,26.882200241088867
UUA,Bugulma,RU,Bugulma Airport,54.641184,52.800229
UUD,Ulan Ude,RU,Baikal International Airport,51.808614,107.439652
UUN,Baruun Urt,MN,Baruun Urt Airport,46.660301208496094,113.28500366210938
UUS,Yuzhno-Sakhalinsk,RU,Yuzhno-Sakhalinsk International Airport,46.885461,142.717466
UVE,Ouvéa,NC,Ouvéa Airport,-20.640932,166.573024
UVF,Vieux Fort,LC,Hewanorra International Airport,13.7332,-60.952599
UYL,Nyala,SD,Nyala Airport,12.0535,24.9562
UYN,Yulin,CN,Yulin Yuyang Airport,38.35971,109.590927
UYU,Quijarro,BO,Joya Andina International Airport,-20.441304,-66.857553
UZC,Stapari,RS,Ponikve Airport,43.898899,19.697701
UZU,Curuzu Cuatia,AR,Curuzu Cuatia Airport,-29.7706,-57.9789
VAA,Vaasa,FI,Vaasa Airport,63.05023,21.762543
VAD,Valdosta,US,Moody Air Force Base,30.9678001404,-83.1930007935
VAF,"Chabeuil, Drôme",FR,Valence-Chabeuil Airport,44.9216,4.9699
VAG,Varginha,BR,Major Brigadeiro Trompowsky Airport,-21.591375,-45.474116
VAI,Vanimo,PG,Vanimo Airport,-2.6926,141.3028
VAM,Maamigili,MV,Villa International Airport Maamigili,3.471751,72.832633
VAN,Van,TR,Van Ferit Melen Airport,38.46820068359375,43.332298278808594
VAQ,Vanavara,RU,Vanavara Airport,60.356229,102.309641
VAR,Varna,BG,Varna Airport,43.232101,27.8251
VAS,Sivas,TR,Sivas Nuri Demirağ Airport,39.813801,36.9035
VAV,Vava'u Island,TO,Vava'u International Airport,-18.5853,-173.962006
VAW,Vardø,NO,"Vardø Airport, Svartnes",70.3554,31.044901
VBG,Lompoc,US,Vandenberg Space Force Base,34.737301,-120.584
VBS,Montichiari (BS),IT,Brescia Gabriele d'Annunzio Airport,45.428902,10.3306
VBY,Visby,SE,Visby Airport,57.6628,18.346201
VCA,Can Tho,VN,Can Tho International Airport,10.083397,105.709371
VCE,Venezia (VE),IT,Venice Marco Polo Airport,45.505299,12.3519
VCP,Campinas,BR,Viracopos International Airport,-23.007404,-47.134502
VCS,Con Dao,VN,Con Dao Airport,8.73183,106.633003
VCT,Victoria,US,Victoria Regional Airport,28.85260009765625,-96.91850280761719
VDC,Vitória da Conquista,BR,Glauber de Andrade Rocha Airport,-14.907885,-40.914804
VDE,El Hierro Island,ES,El Hierro Airport,27.8148,-17.8871
VDH,Dong Hoi,VN,Dong Hoi Airport,17.515,106.590556
VDM,Viedma / Carmen de Patagones,AR,Gobernador Castello Airport,-40.8692,-63.0004
VDO,Van Don,VN,Van Don International Airport,21.120693,107.41539
VDP,Valle de La Pascua,VE,Valle de La Pascua Airport,9.22202777863,-65.9935836792
VDR,Villa Dolores,AR,Villa Dolores Airport,-31.9452,-65.146301
VDS,Vadsø,NO,Vadsø Airport,70.0653,29.8447
VDZ,Valdez,US,Valdez Pioneer Field,61.132712,-146.246567
VEL,Vernal,US,Vernal Regional Airport,40.436214,-109.511661
VEO,Severo-Yeniseysk,RU,Severo-Yeniseysk Airport,60.373299,93.011703
VER,Veracruz,MX,General Heriberto Jara International Airport,19.139589,-96.188602
VEY,Vestmannaeyjar,IS,Vestmannaeyjar Airport,63.42430114746094,-20.278900146484375
VFA,Victoria Falls,ZW,Victoria Falls International Airport,-18.097437,25.836867
VGA,Vijayawada,IN,Vijayawada International Airport,16.530011,80.804888
VGD,Vologda,RU,Vologda Airport,59.282501,39.944401
VGO,Vigo,ES,Vigo Airport,42.2318,-8.62677
VGT,Las Vegas,US,North Las Vegas Airport,36.209074,-115.193982
VHC,Saurimo,AO,Saurimo Airport,-9.68907,20.4319
VHM,Vilhelmina,SE,Vilhelmina South Lapland Airport,64.579102,16.833599
VHY,"Charmeil, Allier",FR,Vichy-Charmeil Airport,46.16969,3.403637
VIE,Vienna,AT,Vienna International Airport,48.110298,16.5697
VIG,El Vigía,VE,Juan Pablo Pérez Alfonso Airport,8.624139,-71.672668
VII,Vinh,VN,Vinh Airport,18.7376003265,105.67099762
VIJ,Spanish Town,VG,Virgin Gorda Airport,18.446634,-64.427932
VIL,Dakhla,EH,Dakhla Airport,23.7183,-15.932
VIN,Vinnitsa,UA,Vinnytsia/Gavyryshivka International Airport,49.242531,28.613778
VIP,Payerne,CH,Payerne Air Base,46.8432,6.91506
VIR,Durban,ZA,Virginia Airport,-29.770599,31.058399
VIS,Visalia,US,Visalia Municipal Airport,36.318699,-119.392998
VIT,Alava,ES,Vitoria Airport,42.882801,-2.72447
VIX,Vitória,BR,Eurico de Aguiar Salles International Airport,-20.258,-40.285
VIY,"Vélizy-Villacoublay, Yvelines",FR,Vélizy-Villacoublay Air Base,48.774406,2.203102
VKG,Rach Gia,VN,Rach Gia Airport,9.95802997234,105.132379532
VKO,Moscow,RU,Vnukovo International Airport,55.591499,37.261501
VKT,Vorkuta,RU,Vorkuta Airport,67.488602,63.993099
VKV,Arkhangelsk,RU,Vaskovo Airport,64.441704,40.4217
VLC,Valencia,ES,Valencia Airport,39.489162,-0.480961
VLD,Valdosta,US,Valdosta Regional Airport,30.782499313354492,-83.27670288085938
VLG,Villa Gesell,AR,Villa Gesell Airport,-37.2354,-57.0292
VLI,Port Vila,VU,Bauerfield International Airport,-17.699301,168.320007
VLL,Valladolid,ES,Valladolid Airport,41.7061,-4.85194
VLM,Villamontes,BO,Teniente Coronel Rafael Pabón Airport,-21.255199432399998,-63.4056015015
VLN,Valencia,VE,Arturo Michelena International Airport,10.149733,-67.928398
VLR,Vallenar,CL,Vallenar Airport,-28.596399,-70.755997
VLU,Velikiye Luki,RU,Velikiye Luki Airport,56.381066,30.607846
VLV,Valera,VE,Dr. Antonio Nicolás Briceño Airport,9.340478,-70.584061
VLY,Angelsey,GB,Anglesey Airport,53.2481,-4.53534
VME,Villa Mercedes,AR,Villa Reynolds Airport,-33.7299003601,-65.3873977661
VMI,Puerto Vallemi,PY,Aeropuerto Nacional Doctor Juan Plate,-22.159371,-57.942395
VMU,Baimuru,PG,Baimuru Airport,-7.496955,144.821756
VNE,Vannes/Meucon,FR,Vannes-Meucon Airport,47.723301,-2.71856
VNO,Vilnius,LT,Vilnius International Airport,54.634102,25.285801
VNS,Varanasi,IN,Lal Bahadur Shastri International Airport,25.452171,82.862549
VNX,Vilanculo,MZ,Vilankulo Airport,-22.018400192260742,35.31330108642578
VNY,Van Nuys,US,Van Nuys Airport,34.209801,-118.489998
VOD,Vodochody,CZ,Vodochody Airport,50.216599,14.3958
VOG,Volgograd,RU,Volgograd International Airport,48.78134,44.339194
VOH,Vohemar,MG,Vohemar Airport,-13.3758,50.0028
VOK,Camp Douglas,US,Volk Field,43.938999,-90.253403
VOL,Nea Anchialos,GR,Nea Anchialos National Airport,39.219601,22.7943
VOZ,Voronezh,RU,Voronezh International Airport,51.814324,39.230948
VPE,Ngiva,AO,Ngjiva Pereira Airport,-17.0435009003,15.683799743700002
VPN,Vopnafjörður,IS,Vopnafjörður Airport,65.720596,-14.8506
VPS,Valparaiso,US,Destin-Fort Walton Beach Airport,30.481315,-86.515839
VPY,Chimoio,MZ,Chimoio Airport,-19.15130043029785,33.42900085449219
VPZ,Valparaiso,US,Porter County Municipal Airport,41.45399857,-87.00710297
VQQ,Jacksonville,US,Cecil Airport,30.2187,-81.876701
VQS,Vieques,PR,Antonio Rivera Rodriguez Airport,18.1348,-65.493599
VRA,Matanzas,CU,Juan Gualberto Gomez International Airport,23.034401,-81.435303
VRB,Vero Beach,US,Vero Beach Regional Airport,27.6556,-80.417901
VRC,Virac,PH,Virac Airport,13.576399803161621,124.20600128173828
VRE,Vredendal,ZA,Vredendal Airport,-31.641000747680664,18.5447998046875
VRK,Varkaus / Joroinen,FI,Varkaus Airport,62.171101,27.868601
VRL,Vila Real,PT,Vila Real Airport,41.2743,-7.72047
VRN,Caselle (VR),IT,Verona Villafranca Valerio Catullo Airport,45.394955,10.887303
VRO,Santa Marta,CU,Kawama Airport,23.124001,-81.301598
VRU,Vryburg,ZA,Vryburg Airport,-26.982401,24.7288
VSA,Villahermosa,MX,Carlos Rovirosa Pérez International Airport,17.994283,-92.818199
VSE,Viseu,PT,Aerodromo Goncalves Lobato (Viseu Airport),40.725498,-7.88899
VST,Stockholm / Västerås,SE,Stockholm Västerås Airport,59.589401,16.6336
VTB,Vitebsk,BY,Vitebsk Vostochny Airport,55.126499176025,30.349599838257
VTE,Vientiane,LA,Wattay International Airport,17.985052,102.566692
VTM,Beersheba,IL,Nevatim Air Base,31.208299636799996,35.012298584
VTN,Valentine,US,Miller Field,42.856211,-100.549192
VTU,Las Tunas,CU,Hermanos Ameijeiras Airport,20.9876,-76.935799
VTZ,Visakhapatnam,IN,Alluri Sitarama Raju International Airport (Vizag),17.971512,83.503617
VUP,Valledupar,CO,Alfonso López Pumarejo Airport,10.435,-73.2495
VUS,Velikiy Ustyug,RU,Velikiy Ustyug Airport,60.7883,46.259998
VVC,Villavicencio,CO,Vanguardia Airport,4.16787,-73.6138
VVI,Santa Cruz,BO,Viru Viru International Airport,-17.6448,-63.135399
VVO,Artyom,RU,Vladivostok International Airport,43.396256,132.148155
VVZ,Illizi,DZ,Illizi Takhamalt Airport,26.723499,8.62265
VXC,Lichinga,MZ,Lichinga Airport,-13.274,35.2663
VXE,São Pedro,CV,Cesaria Evora International Airport,16.833363,-25.055308
VXO,Växjö,SE,Växjö Kronoberg Airport,56.929100036621094,14.727999687194824
VYI,Vilyuisk,RU,Vilyuisk Airport,63.756668,121.693336
WAE,Wadi Al Dawasir,SA,Wadi Al Dawasir Domestic Airport,20.504299,45.1996
WAG,Wanganui,NZ,Wanganui Airport,-39.963467,175.02444
WAI,Antsohihy,MG,Ambalabe Airport,-14.8988,47.9939
WAT,Waterford,IE,Waterford Airport,52.187199,-7.08696
WAW,Warsaw,PL,Warsaw Chopin Airport,52.165699,20.9671
WBG,Jagel,DE,Schleswig Air Base,54.459301,9.51633
WBM,Wapenamanda,PG,Wapenamanda Airport,-5.635293,143.892231
WCH,Chaitén,CL,Nuevo Chaitén Airport,-42.781943,-72.834999
WDH,Windhoek,NA,Hosea Kutako International Airport,-22.4799,17.4709
WDS,Shiyan (Maojian),CN,Shiyan Wudangshan Airport,32.592889,110.906296
WEF,Weifang (Kuiwen),CN,Weifang Nanyuan Airport,36.646702,119.119003
WEH,Weihai,CN,Weihai Dashuibo Airport,37.187099,122.228996
WEI,Weipa,AU,Weipa Airport,-12.677493,141.922618
WFI,Fianarantsoa,MG,Fianarantsoa Airport,-21.441601,47.111698
WGA,Forest Hill,AU,Wagga Wagga Airport,-35.163484,147.46832
WGE,Walgett,AU,Walgett Airport,-30.032801,148.126007
WGN,Shaoyang (Wugang),CN,Shaoyang Wugang Airport,26.806123,110.641042
WGT,Laceby,AU,Wangaratta Airport,-36.417914,146.306896
WHA,Wuhu,CN,Wuhu Xuanzhou Airport,31.1045,118.66687
WHB,Eliwana,AU,Eliwana,-22.428395,116.887879
WHK,Whakatāne,NZ,Whakatāne Airport,-37.922224,176.91696
WHN,Wuhan (Hannan),CN,Wuhan Hannan Municipal Airport,30.25521,114.062805
WIC,Wick,GB,Wick John O'Groats Airport,58.4589,-3.09306
WIE,Wiesbaden,DE,Wiesbaden Army Airfield,50.049800872802734,8.325400352478027
WIL,Nairobi,KE,Nairobi Wilson Airport,-1.32172,36.8148
WIN,Winton,AU,Winton Airport,-22.36359977722168,143.08599853515625
WIR,Wairoa,NZ,Wairoa Airport,-39.011862,177.404401
WJF,Lancaster,US,General William J Fox Airfield,34.7411,-118.219002
WJR,Wajir,KE,Wajir Airport,1.73324,40.091599
WJU,Wonju,KR,Wonju Airport / Hoengseong Air Base (K-38/K-46),37.437113,127.960051
WKA,Wanaka,NZ,Wanaka Airport,-44.722091,169.246287
WKB,Warracknabeal,AU,Warracknabeal Airport,-36.32109832763672,142.41900634765625
WKF,Pretoria,ZA,Waterkloof Air Force Base,-25.829999923699997,28.222499847399998
WKJ,Wakkanai,JP,Wakkanai Airport,45.4042015076,141.800994873
WKK,Aleknagik,US,Aleknagik / New Airport,59.2826004028,-158.617996216
WLG,Wellington,NZ,Wellington International Airport,-41.326839,174.806862
WLS,Wallis Island,WF,Hihifo Airport,-13.239445,-176.19865
WMC,Winnemucca,US,Winnemucca Municipal Airport,40.8965988159,-117.805999756
WME,Mount Keith,AU,Mount Keith Airport,-27.28733,120.554937
WMH,Mountain Home,US,Ozark Regional Airport,36.3689002991,-92.47049713130001
WMI,Nowy Dwór Mazowiecki,PL,Warsaw Modlin Airport,52.451099,20.6518
WMN,Maroantsetra,MG,Maroantsetra Airport,-15.437742,49.689081
WMR,Mananara Nord,MG,Mananara Nord Airport,-16.1639,49.7738
WMT,Zunyi,CN,Zunyi Maotai Airport,27.961837,106.435416
WMX,Wamena,ID,Wamena Airport,-4.097324,138.952417
WNI,Wangi-wangi Island,ID,Matahora Airport,-5.292123,123.636233
WNP,Naga,PH,Naga Airport,13.58489990234375,123.2699966430664
WNR,Windorah,AU,Windorah Airport,-25.410641,142.668428
WNS,Nawabashah,PK,Shaheed Benazirabad Airport,26.2194,68.390099
WNZ,Wenzhou (Longwan),CN,Wenzhou Longwan International Airport,27.910572,120.853465
WOE,Hoogerheide,NL,Woensdrecht Air Base,51.4491,4.34203
WOL,Albion Park Rail,AU,Shellharbour Airport,-34.5611,150.789001
WOS,Wonsan,KP,Wonsan Kalma Airport,39.165219,127.487931
WPC,Pincher Creek,CA,Pincher Creek Airport,49.520429,-113.997002
WPR,Porvenir,CL,Captain Fuentes Martinez Airport,-53.2537,-70.319199
WPU,Puerto Williams,CL,Guardia Marina Zañartu Airport,-54.931099,-67.626297
WRB,Warner Robins,US,Robins Air Force Base,32.640099,-83.591904
WRE,Whangarei,NZ,Whangarei Airport,-35.769253,174.363713
WRG,Wrangell,US,Wrangell Airport,56.48429871,-132.3699951
WRI,Wrightstown,US,Mc Guire Air Force Base,40.0155983,-74.59169769
WRL,Worland,US,Worland Municipal Airport,43.965698,-107.950996
WRO,Wrocław,PL,Copernicus Wrocław Airport,51.103719,16.882096
WRT,Warton,GB,Warton Aerodrome,53.745098,-2.88306
WSI,Sydney,AU,Western Sydney International (Nancy-Bird Walton) Airport,-33.883461,150.712981
WST,Westerly,US,Westerly State Airport,41.349602,-71.803398
WSZ,Westport,NZ,Westport Airport,-41.737111,171.579033
WTB,Toowoomba,AU,Toowoomba Wellcamp Airport,-27.558332,151.793335
WTN,"Lincoln, Lincolnshire",GB,RAF Waddington,53.166199,-0.523811
WUA,Wuhai,CN,Wuhai Airport,39.7934,106.7993
WUH,Wuhan (Huangpi),CN,Wuhan Tianhe International Airport,30.774798,114.213723
WUN,Wiluna,AU,Wiluna Airport,-26.632691,120.221906
WUS,Wuyishan,CN,Nanping Wuyishan Airport,27.7019,118.000999
WUU,Wau,SS,Wau Airport,7.72583,27.975
WUX,Wuxi,CN,Sunan Shuofang International Airport,31.496952,120.43038
WUZ,Tangbu,CN,Wuzhou Xijiang Airport,23.40316,111.09331
WVB,Walvis Bay(Rooikop),NA,Walvis Bay International Airport,-22.979332,14.647102
WVK,Manakara,MG,Manakara Airport,-22.119699,48.021702
WWA,Wasilla,US,Wasilla Airport,61.571701,-149.539993
WWD,Wildwood,US,Cape May County Airport,39.008499145500004,-74.9083023071
WWK,Wewak,PG,Wewak International Airport,-3.58383011818,143.669006348
WWR,Woodward,US,West Woodward Airport,36.438,-99.5226667
WWY,West Wyalong,AU,West Wyalong Airport,-33.9371986389,147.190994263
WYA,Whyalla,AU,Whyalla Airport,-33.05889892578125,137.51400756835938
WYE,Yengema,SL,Yengema Airport,8.61047,-11.0454
WYS,West Yellowstone,US,Yellowstone Airport,44.6884,-111.117996
XAI,Xinyang,CN,Xinyang Minggang Airport,32.540819,114.079141
XAP,Chapecó,BR,Serafin Enoss Bertaso Airport,-27.134199,-52.656601
XBJ,Birjand,IR,Birjand International Airport,32.896525,59.281258
XCH,Flying Fish Cove,CX,Christmas Island International Airport,-10.450387,105.6911
XCR,Chalons en Champagne,FR,Chalons Vatry airport,48.77333,4.20611
XEN,Huludao (Xingcheng),CN,Xingcheng Air Base,40.580328,120.700374
XFN,Xiangyang (Xiangzhou),CN,Xiangyang Liuji Airport,32.152222,112.291666
XFW,Hamburg,DE,Hamburg-Finkenwerder Airport,53.535278,9.835556
XGN,Xangongo,AO,Xangongo Airport,-16.755399703979492,14.965299606323242
XIC,Liangshan (Xichang),CN,Xichang Qingshan Airport,27.9891,102.183998
XIJ,Ahmed Al Jaber AB,KW,Ahmed Al Jaber Air Base,28.9347991943,47.791900634799994
XIL,Xilinhot,CN,Xilinhot Airport,43.91559982299805,115.96399688720703
XIY,Xi'an,CN,Xi'an Xianyang International Airport,34.442207,108.762385
XJD,Ar Rayyan,QA,Al Udeid Air Base,25.1173000336,51.3149986267
XJM,Mangla,PK,Mangla Airport,33.05009841918945,73.63839721679688
XKS,Kasabonika,CA,Kasabonika Airport,53.52470016479492,-88.6427993774414
XLS,Saint Louis,SN,Saint Louis Airport,16.049814,-16.461039
XMH,Manihi,PF,Manihi Airport,-14.436800003051758,-146.07000732421875
XMN,Xiamen,CN,Xiamen Gaoqi International Airport,24.543889,118.127454
XMS,Macas,EC,Coronel E Carvajal Airport,-2.2991700172424316,-78.12079620361328
XNA,Fayetteville/Springdale/Rogers,US,Northwest Arkansas National Airport,36.281898,-94.306801
XNH,Nasiriyah,IQ,Ali Air Base,30.935801,46.090099
XNN,Haidong (Huzhu Tu Autonomous County),CN,Xining Caojiabao International Airport,36.52775,102.040215
XPL,Palmerola,HN,Palmerola International Airport,14.3824,-87.621201
XQP,Quepos,CR,Quepos Managua Airport,9.44316,-84.129799
XQU,Qualicum Beach,CA,Qualicum Beach Airport,49.337456,-124.393086
XRH,Richmond,AU,RAAF Base Richmond,-33.604652,150.783051
XRR,Ross River,CA,Ross River Airport,61.9706001282,-132.42300415
XRY,Jerez de la Frontera,ES,Jerez Airport,36.744598,-6.06011
XSB,Sir Bani Yas,AE,Sir Bani Yas Airport,24.283611,52.580278
XSC,South Caicos,TC,South Caicos Airport,21.515699,-71.528503
XSP,Seletar,SG,Seletar Airport,1.41555,103.86673
XTG,Thargomindah,AU,Thargomindah Airport,-27.986368,143.812065
XUZ,Xuzhou,CN,Xuzhou Guanyin International Airport,34.059056,117.555278
XWA,Williston,US,Williston Basin International Airport,48.260863,-103.75116
YAA,Anahim Lake,CA,Anahim Lake Airport,52.451501,-125.303776
YAG,Fort Frances,CA,Fort Frances Municipal Airport,48.655749,-93.44349
YAH,La Grande-4,CA,La Grande-4 Airport,53.754699707,-73.6753005981
YAI,Chillan,CL,Gral. Bernardo O´Higgins Airport,-36.5825,-72.031403
YAK,Yakutat,US,Yakutat Airport,59.508717,-139.660435
YAM,Sault Ste Marie,CA,Sault Ste Marie Airport,46.483216,-84.508467
YAO,Yaoundé,CM,Yaoundé Ville Airport,3.83604,11.5235
YAP,Yap Island,FM,Yap International Airport,9.49891,138.082993
YAY,St. Anthony,CA,St. Anthony Airport,51.391909,-56.08321
YAZ,Tofino,CA,Tofino / Long Beach Airport,49.079833,-125.775583
YBC,Baie-Comeau,CA,Baie-Comeau Airport,49.1325,-68.204399
YBG,Saguenay,CA,Saguenay-Bagotville Airport,48.330123,-70.992012
YBK,Baker Lake,CA,Baker Lake Airport,64.29889678960001,-96.077796936
YBL,Campbell River,CA,Campbell River Airport,49.950802,-125.271004
YBP,Yibin (Cuiping),CN,Yibin Wuliangye Airport,28.858431,104.526157
YBR,Brandon,CA,Brandon Municipal Airport,49.91,-99.951897
YBX,Blanc-Sablon,CA,Lourdes-de-Blanc-Sablon Airport,51.4436,-57.185299
YBY,Bonnyville,CA,Bonnyville Airport,54.304199,-110.744003
YCB,Cambridge Bay,CA,Cambridge Bay Airport,69.1081008911,-105.138000488
YCC,Cornwall,CA,Cornwall Regional Airport,45.092637,-74.567724
YCD,Nanaimo,CA,Nanaimo Airport,49.05497,-123.869863
YCE,Huron Park,CA,Centralia / James T. Field Memorial Aerodrome,43.285599,-81.508301
YCG,Castlegar,CA,Castlegar/West Kootenay Regional Airport,49.296398,-117.632004
YCH,Miramichi,CA,Miramichi Airport,47.007801,-65.449203
YCL,Charlo,CA,Charlo Airport,47.990799,-66.330299
YCM,Niagara-on-the-Lake,CA,Niagara District Airport,43.191598,-79.171686
YCN,Cochrane,CA,Cochrane Airport,49.10559844970703,-81.01360321044922
YCQ,Chetwynd,CA,Chetwynd Airport,55.687198638916016,-121.62699890136719
YCU,Yuncheng (Yanhu),CN,Yuncheng Yanhu International Airport,35.117823,111.034023
YDA,Dawson City,CA,Dawson City Airport,64.04309844970703,-139.1280059814453
YDB,Burwash Landing,CA,Burwash Airport,61.371101,-139.041
YDF,Deer Lake,CA,Deer Lake Airport,49.208159,-57.396147
YDG,Digby,CA,Digby / Annapolis Regional Airport,44.5458450365,-65.7854247093
YDN,Dauphin,CA,Dauphin Barker Airport,51.1008,-100.052002
YDO,Dolbeau-Saint-Felicien,CA,Dolbeau-Saint-Felicien Airport,48.7785,-72.375
YDQ,Dawson Creek,CA,Dawson Creek Airport,55.741245,-120.183263
YDT,Delta,CA,Boundary Bay Airport,49.074338,-123.006877
YEC,Yecheon-ri,KR,Yecheon Airbase,36.630373,128.34971
YEG,Edmonton,CA,Edmonton International Airport,53.3097,-113.580002
YEI,Yenişehir,TR,Bursa Yenişehir Airport,40.255199,29.562599
YEL,Elliot Lake,CA,Elliot Lake Municipal Airport,46.351398468,-82.5614013672
YEM,Sheguiandah,CA,Manitoulin East Municipal Airport,45.842435,-81.857595
YEN,Estevan,CA,Estevan Airport,49.2103004456,-102.966003418
YEO,"Yeovil, Somerset",GB,RNAS Yeovilton,51.009399,-2.63882
YES,Yasuj,IR,Yasuj Airport,30.702238,51.542988
YET,Edson,CA,Edson Airport,53.578899383499994,-116.464996338
YEV,Inuvik,CA,Inuvik Mike Zubko Airport,68.30419921880001,-133.483001709
YEY,Amos,CA,Amos/Magny Airport,48.563903,-78.249702
YFB,Iqaluit,CA,Iqaluit Airport,63.756402,-68.555801
YFC,Fredericton,CA,Fredericton International Airport,45.868697,-66.529891
YFE,Forestville,CA,Forestville Airport,48.74610137939453,-69.09719848632812
YFR,Fort Resolution,CA,Fort Resolution Airport,61.1808013916,-113.690002441
YFS,Fort Simpson,CA,Fort Simpson Airport,61.76020050048828,-121.23699951171875
YGJ,Yonago,JP,Yonago Kitaro Airport / JASDF Miho Air Base,35.492199,133.235992
YGK,Kingston,CA,Kingston Norman Rogers Airport,44.2253,-76.596901
YGL,La Grande Rivière,CA,La Grande Rivière Airport,53.625301361083984,-77.7042007446289
YGM,Gimli,CA,Gimli Industrial Park Airport,50.62810134887695,-97.04329681396484
YGP,Gaspé,CA,Michel-Pouliot Gaspé Airport,48.774915,-64.481893
YGQ,Geraldton,CA,Geraldton Greenstone Regional Airport,49.77830123901367,-86.93939971923828
YGR,Les Îles-de-la-Madeleine,CA,Îles-de-la-Madeleine Airport,47.425242,-61.778612
YGV,Havre-Saint-Pierre,CA,Havre-Saint-Pierre Airport,50.281898,-63.611401
YGW,Kuujjuarapik,CA,Kuujjuarapik Airport,55.281898498535156,-77.76529693603516
YHD,Dryden,CA,Dryden Regional Airport,49.831699,-92.744202
YHF,Hearst,CA,Hearst René Fontaine Municipal Airport,49.71419906616211,-83.68609619140625
YHM,Hamilton,CA,John C. Munro Hamilton International Airport,43.171308,-79.929416
YHN,Hornepayne,CA,Hornepayne Municipal Airport,49.19309997558594,-84.75890350341797
YHT,Haines Junction,CA,Haines Junction Airport,60.7892,-137.546005
YHU,Montréal,CA,Montréal / Saint-Hubert Metropolitan Airport,45.517502,-73.416901
YHY,Hay River,CA,Hay River / Merlyn Carter Airport,60.8396987915,-115.782997131
YHZ,Halifax,CA,Halifax / Stanfield International Airport,44.8807983398,-63.5085983276
YIA,Yogyakarta,ID,Yogyakarta International Airport,-7.905338,110.057264
YIB,Atikokan,CA,Atikokan Municipal Airport,48.773899,-91.638603
YIC,Yichun,CN,Yichun Mingyueshan Airport,27.8025,114.3062
YIE,Arxan,CN,Arxan Yi'ershi Airport,47.3106,119.9117
YIF,St-Augustin,CA,St Augustin Airport,51.2117,-58.658298
YIH,Yichang (Xiaoting),CN,Yichang Sanxia Airport,30.554132,111.482563
YIN,Ili (Yining / Ghulja),CN,Ili Yining International Airport,43.955799,81.330299
YIP,Detroit,US,Willow Run Airport,42.2379,-83.530403
YIV,Island Lake,CA,Island Lake Airport,53.857200622558594,-94.65360260009766
YIW,Yiwu/Jinhua,CN,Yiwu Airport,29.342095,120.03116
YJF,Fort Liard,CA,Fort Liard Airport,60.235801696799996,-123.46900177
YJN,St Jean,CA,St Jean Airport,45.29439926147461,-73.28109741210938
YKA,Kamloops,CA,Kamloops John Moose Fulton Field Regional Airport,50.703038,-120.448641
YKD,Kincardine,CA,Kincardine Municipal Airport,44.201401,-81.606697
YKF,Breslau,CA,Region of Waterloo International Airport,43.4608,-80.378601
YKH,Yingkou (Laobian),CN,Yingkou Lanqi Airport,40.542524,122.3586
YKJ,Key Lake,CA,Key Lake Airport,57.256099700927734,-105.61799621582031
YKL,Schefferville,CA,Schefferville Airport,54.805301666259766,-66.8052978515625
YKM,Yakima,US,Yakima Air Terminal McAllister Field,46.56819916,-120.5439987
YKN,Yankton,US,Chan Gurney Municipal Airport,42.916698455811,-97.385902404785
YKO,Hakkari,TR,Hakkari Yüksekova Airport,37.5497,44.2381
YKS,Yakutsk,RU,Platon Oyunsky Yakutsk International Airport,62.0933,129.770996
YKX,Kirkland Lake,CA,Kirkland Lake Airport,48.21030044555664,-79.98139953613281
YKY,Kindersley,CA,Kindersley Airport,51.5175018311,-109.180999756
YLD,Chapleau,CA,Chapleau Airport,47.81999969482422,-83.3467025756836
YLI,Ylivieska,FI,Ylivieska Airfield,64.054722,24.725278
YLJ,Meadow Lake,CA,Meadow Lake Airport,54.125301361083984,-108.52300262451172
YLK,Barrie,CA,Barrie-Lake Simcoe Regional Airport,44.485056,-79.554663
YLL,Lloydminster,CA,Lloydminster Airport,53.3092,-110.072998
YLR,Leaf Rapids,CA,Leaf Rapids Airport,56.513301849365234,-99.98529815673828
YLT,Alert,CA,Alert Airport,82.517263,-62.283037
YLW,Kelowna,CA,Kelowna International Airport,49.9561,-119.377998
YLX,Yulin,CN,Yulin Fumian Airport,22.433042,110.119996
YLY,Langley,CA,Langley Airport,49.1008,-122.630997
YMA,Mayo,CA,Mayo Airport,63.61640167236328,-135.8679962158203
YME,Matane,CA,Matane Airport,48.85689926147461,-67.45330047607422
YMG,Manitouwadge,CA,Manitouwadge Airport,49.083900451660156,-85.86060333251953
YMJ,Moose Jaw,CA,Moose Jaw Air Vice Marshal C. M. McEwen Airport,50.330299377441406,-105.55899810791016
YML,Charlevoix,CA,Charlevoix Airport,47.59749984741211,-70.2238998413086
YMM,Fort McMurray,CA,Fort McMurray International Airport,56.653301,-111.222
YMO,Moosonee,CA,Moosonee Airport,51.291099548339844,-80.60780334472656
YMS,Yurimaguas,PE,Moises Benzaquen Rengifo Airport,-5.89377,-76.118202
YMT,Chibougamau,CA,Chapais Airport,49.77190017700195,-74.5280990600586
YMX,Montréal,CA,Montreal Mirabel International Airport,45.679501,-74.038696
YNA,Natashquan,CA,Natashquan Airport,50.190114,-61.78898
YNB,Yanbu,SA,Prince Abdulmohsen Bin Abdulaziz International Airport,24.144199,38.0634
YND,Gatineau,CA,Ottawa / Gatineau Airport,45.521702,-75.563599
YNG,Youngstown/Warren,US,Youngstown Warren Regional Airport,41.26070023,-80.67910004
YNJ,Yanji,CN,Yanji Chaoyangchuan Airport,42.8828010559,129.451004028
YNL,Points North Landing,CA,Points North Landing Airport,58.27669906616211,-104.08200073242188
YNM,Matagami,CA,Matagami Airport,49.76169967651367,-77.80280303955078
YNT,Yantai,CN,Yantai Penglai International Airport,37.659724,120.978124
YNY,Gonghang-ro,KR,Yangyang International Airport,38.060481,128.669822
YNZ,Yancheng (Tinghu),CN,Yancheng Nanyang International Airport,33.428317,120.20545
YOA,Ekati,CA,Ekati Airport,64.6988983154,-110.614997864
YOD,Cold Lake,CA,CFB Cold Lake,54.404998779296875,-110.27899932861328
YOJ,High Level,CA,High Level Airport,58.62139892578125,-117.16500091552734
YOL,Yola,NG,Yola Airport,9.257550239562988,12.430399894714355
YOO,Oshawa,CA,Oshawa Executive Airport,43.922798,-78.894997
YOP,Rainbow Lake,CA,Rainbow Lake Airport,58.491402,-119.407997
YOS,Owen Sound,CA,Owen Sound / Billy Bishop Regional Airport,44.5903015137,-80.8375015259
YOW,Ottawa,CA,Ottawa Macdonald-Cartier International Airport,45.322498,-75.669197
YPA,Prince Albert,CA,Prince Albert Glass Field,53.214199066199996,-105.672996521
YPE,Peace River,CA,Peace River Airport,56.226898,-117.446999
YPG,Portage la Prairie,CA,Portage-la-Prairie / Southport Airport,49.903099,-98.273817
YPL,Pickle Lake,CA,Pickle Lake Airport,51.4463996887207,-90.21420288085938
YPN,Port-Menier,CA,Port-Menier Airport,49.836399,-64.288597
YPQ,Peterborough,CA,Peterborough Regional Airport,44.232251,-78.362053
YPR,Prince Rupert,CA,Prince Rupert Airport,54.286098480199996,-130.445007324
YPS,Port Hawkesbury,CA,Port Hawkesbury Airport,45.6567001343,-61.3680992126
YPW,Powell River,CA,Powell River Airport,49.83420181274414,-124.5
YPX,Puvirnituq,CA,Puvirnituq Airport,60.050598,-77.286903
YPY,Fort Chipewyan,CA,Fort Chipewyan Airport,58.7672004699707,-111.11699676513672
YPZ,Burns Lake,CA,Burns Lake Airport,54.3764,-125.950996
YQA,Gravenhurst,CA,Muskoka Airport,44.975376,-79.306546
YQB,Quebec,CA,Quebec Jean Lesage International Airport,46.7911,-71.393303
YQD,The Pas,CA,The Pas Airport,53.97140121459961,-101.09100341796875
YQF,Springbrook,CA,Red Deer Regional Airport,52.182201,-113.893997
YQG,Windsor,CA,Windsor International Airport,42.2756,-82.955597
YQH,Watson Lake,CA,Watson Lake Airport,60.116839,-128.821993
YQI,Yarmouth,CA,Yarmouth Airport,43.826900482177734,-66.08809661865234
YQK,Kenora,CA,Kenora Airport,49.788299560546875,-94.36309814453125
YQL,Lethbridge,CA,Lethbridge County Airport,49.6302986145,-112.800003052
YQM,Moncton,CA,Greater Moncton Roméo LeBlanc International Airport,46.113189,-64.67719
YQN,Nakina,CA,Nakina Airport,50.18280029296875,-86.69640350341797
YQQ,Comox,CA,Comox Valley International Airport / CFB Comox,49.7108,-124.887001
YQR,Regina,CA,Regina International Airport,50.431938,-104.660906
YQS,St Thomas,CA,St Thomas Municipal Airport,42.77000045776367,-81.11080169677734
YQT,Thunder Bay,CA,Thunder Bay International Airport,48.371899,-89.323898
YQU,Grande Prairie,CA,Grande Prairie Airport,55.1796989441,-118.885002136
YQV,Yorkton,CA,Yorkton Municipal Airport,51.264702,-102.461998
YQW,North Battleford,CA,North Battleford Airport,52.769409,-108.243742
YQX,Gander,CA,Gander International Airport,48.936258,-54.567719
YQY,Sydney,CA,Sydney / J.A. Douglas McCurdy Airport,46.161072,-60.049759
YQZ,Quesnel,CA,Quesnel Airport,53.026100158691406,-122.51000213623047
YRB,Resolute Bay,CA,Resolute Bay Airport,74.7169036865,-94.9693984985
YRI,Rivière-du-Loup,CA,Rivière-du-Loup Airport,47.764400482177734,-69.58470153808594
YRJ,Roberval,CA,Roberval Airport,48.519665,-72.265735
YRL,Red Lake,CA,Red Lake Airport,51.066898345947266,-93.79309844970703
YRO,Ottawa,CA,Ottawa / Rockcliffe Airport,45.460496,-75.644001
YRQ,Trois-Rivières,CA,Trois-Rivières Airport,46.35279846191406,-72.67939758300781
YRT,Rankin Inlet,CA,Rankin Inlet Airport,62.8114013672,-92.1157989502
YRV,Revelstoke,CA,Revelstoke Airport,50.962245,-118.184258
YSB,Sudbury,CA,Sudbury Airport,46.625,-80.79889678955078
YSC,Sherbrooke,CA,Sherbrooke Airport,45.438599,-71.691399
YSF,Stony Rapids,CA,Stony Rapids Airport,59.250301361083984,-105.84100341796875
YSH,Smiths Falls,CA,Smiths Falls-Montague (Russ Beach) Airport,44.945801,-75.940598
YSJ,Saint John,CA,Saint John Airport,45.31610107421875,-65.89029693603516
YSL,Saint-Léonard,CA,Saint-Léonard Airport,47.157097,-67.836242
YSM,Fort Smith,CA,Fort Smith Airport,60.020302,-111.961998
YSN,Salmon Arm,CA,Shuswap Regional Airport,50.682802,-119.228996
YSP,Marathon,CA,Marathon Airport,48.75529861450195,-86.34439849853516
YSQ,Qian Gorlos Mongol Autonomous County,CN,Songyuan Chaganhu Airport,44.931143,124.552121
YSU,Slemon Park,CA,Summerside Airport,46.440601,-63.833599
YTA,Pembroke,CA,Pembroke Airport,45.86439895629883,-77.25170135498047
YTD,Thicket Portage,CA,Thicket Portage Airport,55.31890106201172,-97.70780181884766
YTF,Alma,CA,Alma Airport,48.5089,-71.641899
YTH,Thompson,CA,Thompson Airport,55.80110168457031,-97.86419677734375
YTM,La Macaza,CA,Mont-Tremblant International Airport,46.409401,-74.779999
YTR,Trenton,CA,CFB Trenton,44.118900299072266,-77.5280990600586
YTS,Timmins,CA,Timmins/Victor M. Power,48.569698333699996,-81.376701355
YTY,Yangzhou,CN,Yangzhou Taizhou Airport,32.5634,119.7198
YTZ,Toronto,CA,Billy Bishop Toronto City Airport,43.627852,-79.39553
YUA,Chuxiong (Yuanmou),CN,Yuanmou Air Base,25.737499,101.882004
YUL,Montréal,CA,Montreal / Pierre Elliott Trudeau International Airport,45.467837,-73.742294
YUM,Yuma,US,Yuma International Airport / Marine Corps Air Station Yuma,32.650938,-114.609375
YUS,Yushu (Batang),CN,Yushu Batang Airport,32.836389,97.036389
YUX,Sanirajak,CA,Hall Beach Airport,68.7761,-81.2425
YUY,Rouyn-Noranda,CA,Rouyn Noranda Airport,48.20610046386719,-78.83560180664062
YVB,Bonaventure,CA,Bonaventure Airport,48.071098,-65.460297
YVC,La Ronge,CA,La Ronge Airport,55.151401519800004,-105.262001038
YVE,Vernon,CA,Vernon Regional Airport,50.246163,-119.330963
YVO,Val-d'Or,CA,Val-d'Or Airport,48.0532989502,-77.7827987671
YVP,Kuujjuaq,CA,Kuujjuaq Airport,58.096099853515625,-68.4269027709961
YVQ,Norman Wells,CA,Norman Wells Airport,65.28160095214844,-126.7979965209961
YVR,Vancouver,CA,Vancouver International Airport,49.193901,-123.183998
YVV,Wiarton,CA,Wiarton Airport,44.7458,-81.107201
YWG,Winnipeg,CA,Winnipeg / James Armstrong Richardson International Airport,49.909999847399995,-97.2398986816
YWK,Wabush,CA,Wabush Airport,52.92190170288086,-66.8644027709961
YWL,Williams Lake,CA,Williams Lake Airport,52.1831016541,-122.054000854
YWY,Wrigley,CA,Wrigley Airport,63.20940017700195,-123.43699645996094
YXC,Cranbrook,CA,Cranbrook/Canadian Rockies International Airport,49.610802,-115.781998
YXE,Saskatoon,CA,Saskatoon John G. Diefenbaker International Airport,52.170723,-106.700793
YXH,Medicine Hat,CA,Medicine Hat Regional Airport,50.018902,-110.721001
YXJ,Fort Saint John,CA,Fort St John / North Peace Regional Airport,56.238098,-120.739998
YXK,Rimouski,CA,Rimouski Airport,48.477644,-68.496323
YXL,Sioux Lookout,CA,Sioux Lookout Airport,50.11389923095703,-91.9052963256836
YXQ,Beaver Creek,CA,Beaver Creek Airport,62.410301208496094,-140.86700439453125
YXR,Earlton,CA,Earlton (Timiskaming Regional) Airport,47.697400654599996,-79.8473453522
YXS,Prince George,CA,Prince George (International) Airport,53.884311,-122.666554
YXT,Terrace,CA,Northwest Regional Airport Terrace-Kitimat,54.468498,-128.576009
YXU,London,CA,London International Airport,43.032845,-81.149003
YXX,Abbotsford,CA,Abbotsford International Airport,49.025299,-122.361
YXY,Whitehorse,CA,Whitehorse / Erik Nielsen International Airport,60.708533,-135.065705
YXZ,Wawa,CA,Wawa Airport,47.96670150756836,-84.78669738769531
YYA,Yueyang (Yueyanglou),CN,Yueyang Sanhe Airport,29.311699,113.281574
YYB,North Bay,CA,North Bay Jack Garland Airport,46.363602,-79.422798
YYC,Calgary,CA,Calgary International Airport,51.118822,-114.009933
YYD,Smithers,CA,Smithers Airport,54.82469940185547,-127.18299865722656
YYE,Fort Nelson,CA,Fort Nelson Airport,58.8363990784,-122.597000122
YYF,Penticton,CA,Penticton Airport,49.46310043334961,-119.60199737548828
YYG,Charlottetown,CA,Charlottetown Airport,46.288911,-63.125174
YYJ,Victoria,CA,Victoria International Airport,48.647201,-123.427792
YYL,Lynn Lake,CA,Lynn Lake Airport,56.86389923095703,-101.07599639892578
YYN,Swift Current,CA,Swift Current Airport,50.291900634799994,-107.691001892
YYQ,Churchill,CA,Churchill Airport,58.739200592041016,-94.06500244140625
YYR,Goose Bay,CA,Goose Bay Airport,53.3191986084,-60.4258003235
YYT,St. John's,CA,St. John's International Airport,47.618599,-52.7519
YYU,Kapuskasing,CA,Kapuskasing Airport,49.411587,-82.469645
YYW,Armstrong,CA,Armstrong Airport,50.29029846191406,-88.90969848632812
YYY,Mont-Joli,CA,Mont Joli Airport,48.60860061645508,-68.20809936523438
YYZ,Toronto,CA,Toronto Pearson International Airport,43.675935,-79.629421
YZA,Cache Creek,CA,Cache Creek-Ashcroft Regional Airport,50.775258,-121.321314
YZE,Gore Bay,CA,Gore Bay Manitoulin Airport,45.8853,-82.567802
YZF,Yellowknife,CA,Yellowknife International Airport,62.462799,-114.440002
YZH,Slave Lake,CA,Slave Lake Airport,55.292945,-114.777276
YZP,Sandspit,CA,Sandspit Airport,53.25429916379999,-131.813995361
YZR,Sarnia,CA,Chris Hadfield Airport,42.999401,-82.308899
YZS,Coral Harbour,CA,Coral Harbour Airport,64.1932983398,-83.3593978882
YZT,Port Hardy,CA,Port Hardy Airport,50.680599212646484,-127.36699676513672
YZU,Whitecourt,CA,Whitecourt Airport,54.143902,-115.787003
YZV,Sept-Îles,CA,Sept-Îles Airport,50.22330093383789,-66.2656021118164
YZW,Teslin,CA,Teslin Airport,60.17279815673828,-132.7429962158203
YZX,Greenwood,CA,CFB Greenwood,44.98440170288086,-64.91690063476562
YZY,Zhangye (Ganzhou),CN,Zhangye Ganzhou Airport,38.801899,100.675003
ZAD,Zadar,HR,Zadar Airport,44.096986,15.353565
ZAG,Velika Gorica,HR,Zagreb Franjo Tuđman International Airport,45.742901,16.0688
ZAH,Zahedan,IR,Zahedan International Airport,29.4757,60.9062
ZAL,Valdivia,CL,Pichoy Airport,-39.6500015259,-73.0860977173
ZAM,Zamboanga,PH,Zamboanga International Airport,6.92242,122.059998
ZAO,Cahors,FR,Cahors Lalbenque airport,44.351398,1.47528
ZAR,Zaria,NG,Zaria Airport,11.1302,7.68581
ZAT,Zhaotong,CN,Zhaotong Zhaoyang Airport,27.205843,103.691511
ZAZ,Zaragoza,ES,Zaragoza Airport,41.666199,-1.04155
ZBF,South Tetagouche,CA,Bathurst Airport,47.6297,-65.738899
ZBM,Bromont,CA,Bromont (Roland Désourdy) Airport,45.290798,-72.741402
ZBR,Konarak,IR,Chabahar Konarak International Airport,25.44319,60.382167
ZCL,Zacatecas,MX,General Leobardo C. Ruiz International Airport,22.894942,-102.687154
ZCO,Temuco,CL,La Araucanía International Airport,-38.9259,-72.6515
ZEC,Secunda,ZA,Secunda Airport,-26.52409935,29.170099258399997
ZEL,Bella Bella,CA,Bella Bella (Campbell Island) Airport,52.185001,-128.156994
ZER,Ziro,IN,Ziro Airport,27.588301,93.828102
ZFA,Faro,CA,Faro Airport,62.20750045776367,-133.37600708007812
ZGF,Grand Forks,CA,Grand Forks Airport,49.015598,-118.431
ZGU,Gaua Island,VU,Gaua Island Airport,-14.2181,167.587006
ZHA,Zhanjiang,CN,Zhanjiang Wuchuan International Airport,21.481667,110.590278
ZHY,Zhongwei (Shapotou),CN,Zhongwei Shapotou Airport,37.573125,105.154454
ZIA,Moscow,RU,Zhukovsky International Airport,55.553299,38.150002
ZIC,Victoria,CL,Victoria Airport,-38.245602,-72.348602
ZIG,Ziguinchor,SN,Ziguinchor Airport,12.55559,-16.283298
ZIH,Ixtapa,MX,Ixtapa-Zihuatanejo International Airport,17.601771,-101.460629
ZIX,Zhigansk,RU,Zhigansk Airport,66.7965011597,123.361000061
ZJG,Jenpeg,CA,Jenpeg Airport,54.51890182495117,-98.04609680175781
ZJN,Swan River,CA,Swan River Airport,52.120602,-101.236
ZKP,Zyryanka,RU,Zyryanka Airport,65.7485,150.8889
ZLO,Manzanillo,MX,Playa de Oro International Airport,19.1448,-104.558998
ZMT,Masset,CA,Masset Airport,54.0275,-132.125
ZND,Zinder,NE,Zinder Airport,13.779000282287598,8.983759880065918
ZNE,Newman,AU,Newman Airport,-23.417800903299998,119.803001404
ZNZ,Zanzibar,TZ,Abeid Amani Karume International Airport,-6.22202,39.224899
ZOS,Osorno,CL,Cañal Bajo Carlos Hott Siebert Airport,-40.611198,-73.060997
ZQN,Queenstown,NZ,Queenstown Airport,-45.019205,168.746379
ZQZ,Zhangjiakou,CN,Zhangjiakou Ningyuan Airport,40.738664,114.933395
ZRH,Zurich,CH,Zürich Airport,47.458056,8.548056
ZRI,Serui,ID,Stevanus Rumbewas Airport,-1.82842,136.062402
ZSA,San Salvador,BS,San Salvador International Airport,24.063041,-74.523233
ZSE,Saint-Pierre,RE,Saint-Pierre Pierrefonds Airport,-21.319362,55.422506
ZSJ,Sandy Lake,CA,Sandy Lake Airport,53.06420135498047,-93.34439849853516
ZST,Stewart,CA,Stewart Airport,55.935410448,-129.982434511
ZTH,Zakynthos,GR,Zakynthos International Airport Dionysios Solomos,37.7509,20.8843
ZTR,Zhytomyr,UA,Zhytomyr Airport,50.270556,28.738611
ZTU,Zaqatala,AZ,Zaqatala International Airport,41.557823,46.669464
ZUC,Ignace,CA,Ignace Municipal Airport,49.428204,-91.720418
ZUH,Zhuhai (Jinwan),CN,Zhuhai Jinwan Airport,22.006399,113.375999
ZVA,Miandrivazo,MG,Miandrivazo Airport,-19.562799,45.450802
ZVK,Savannakhet,LA,Savannakhet Airport,16.55660057067871,104.76000213623047
ZWA,Andapa,MG,Andapa Airport,-14.651700019836426,49.620601654052734
ZXT,Zabrat,AZ,Zabrat Airport,40.494884,49.977065
ZYI,Zunyi,CN,Zunyi Xinzhou Airport,27.810723,107.247189
ZYL,Sylhet,BD,Osmany International Airport,24.963993,91.864749
ZZU,Mzuzu,MW,Mzuzu Airport,-11.4447,34.011799
ZZV,Zanesville,US,Zanesville Municipal Airport,39.9444007874,-81.89209747310001
